[
  {
    "operatorId": null,
    "agentId": null,
    "customerCode": "CUS001",
    "name": "Anjaneyulu Janga",
    "locality": "Kandrapadu",
    "mobile": "9963676402",
    "billingAddress": "Colony Lane 1",
    "balanceAmount": 0.0,
    "connectionStartDate": "1970-01-01 00:00:00.002958465",
    "expiryDate": "2025-06-27 00:00:00",
    "sequenceNo": 0,
    "active": true,
    "stbName": "'DASAN - Corpus",
    "stbNumber": "'DSNW202dec08",
    "cardNumber": "'",
    "productId": ["68c02a2233317089bc04f08b"],
    "additionalCharge": 0,
    "discount": 0,
    "lastPaymentAmount": 350.0,
    "lastPaymentDate": null,
    "remark": "nan"
  },
  {
    "operatorId": null,
    "agentId": null,
    "customerCode": "CUS002",
    "name": "Venkata Ramana Reddy Konda",
    "locality": "Kandrapadu",
    "mobile": "9849112406",
    "billingAddress": "nan",
    "balanceAmount": 800.0,
    "connectionStartDate": "1970-01-01 00:00:00.000045823",
    "expiryDate": "2025-05-09 00:00:00",
    "sequenceNo": 1,
    "active": true,
    "stbName": "'DASAN Combo",
    "stbNumber": "'DSNW26455870",
    "cardNumber": "'MK4RRRG431E5138",
    "productId": [
      "68c02a2233317089bc04f089",
      "68c02a2233317089bc04f083",
      "68c02a2233317089bc04f091"
    ],
    "additionalCharge": 300,
    "discount": 0,
    "lastPaymentAmount": 1850.0,
    "lastPaymentDate": null,
    "remark": "9989385927"
  },
  {
    "operatorId": null,
    "agentId": null,
    "customerCode": "CUS003",
    "name": "Lakshma Reddy Danda",
    "locality": "Kandrapadu",
    "mobile": "9948173329",
    "billingAddress": "nan",
    "balanceAmount": 0.0,
    "connectionStartDate": null,
    "expiryDate": "2021-08-31 00:00:00",
    "sequenceNo": 2,
    "active": false,
    "stbName": "'DSNW202bf190",
    "stbNumber": "'",
    "cardNumber": "'TA042018E122055",
    "productId": ["68c02a2233317089bc04f09b", "68c02a2233317089bc04f08b"],
    "additionalCharge": 0,
    "discount": 0,
    "lastPaymentAmount": 300.0,
    "lastPaymentDate": null,
    "remark": "nan"
  },
  {
    "operatorId": null,
    "agentId": null,
    "customerCode": "CUS004",
    "name": "Krishnareddy Konda",
    "locality": "Kandrapadu",
    "mobile": "9492809004",
    "billingAddress": "nan",
    "balanceAmount": 4700.0,
    "connectionStartDate": "1970-01-01 00:00:00.000045823",
    "expiryDate": "2025-07-04 00:00:00",
    "sequenceNo": 2,
    "active": true,
    "stbName": "'RLTech",
    "stbNumber": "'RLGM3BAE6FB0",
    "cardNumber": "'",
    "productId": ["68c02a2233317089bc04f098"],
    "additionalCharge": 0,
    "discount": 0,
    "lastPaymentAmount": 300.0,
    "lastPaymentDate": null,
    "remark": "97899789"
  },
  {
    "operatorId": null,
    "agentId": null,
    "customerCode": "CUS005",
    "name": "Indragiri Reddy Induri",
    "locality": "Kandrapadu",
    "mobile": "7207325933",
    "billingAddress": "Bodrai Bazar",
    "balanceAmount": 0.0,
    "connectionStartDate": "1970-01-01 00:00:00.000045823",
    "expiryDate": "2025-06-15 00:00:00",
    "sequenceNo": 3,
    "active": true,
    "stbName": "'OVT",
    "stbNumber": "'3381319016",
    "cardNumber": "'",
    "productId": ["68c02a2233317089bc04f08b"],
    "additionalCharge": 0,
    "discount": 0,
    "lastPaymentAmount": 300.0,
    "lastPaymentDate": null,
    "remark": "nan"
  },
  {
    "operatorId": null,
    "agentId": null,
    "customerCode": "CUS006",
    "name": "Peramma Gunnam",
    "locality": "Kandrapadu",
    "mobile": "6300970110",
    "billingAddress": "nan",
    "balanceAmount": 0.0,
    "connectionStartDate": "1970-01-01 00:00:00.000045823",
    "expiryDate": "2025-06-27 00:00:00",
    "sequenceNo": 3,
    "active": true,
    "stbName": "'GTPL",
    "stbNumber": "'0000832B004E17DB",
    "cardNumber": "'",
    "productId": [
      "68c02a2233317089bc04f085",
      "68c02a2233317089bc04f09a",
      "68c02a2233317089bc04f08a"
    ],
    "additionalCharge": 0,
    "discount": 0,
    "lastPaymentAmount": 300.0,
    "lastPaymentDate": null,
    "remark": "nan"
  },
  {
    "operatorId": null,
    "agentId": null,
    "customerCode": "CUS007",
    "name": "Hanuma Reddy Induri",
    "locality": "Kandrapadu",
    "mobile": "9603424447",
    "billingAddress": "nan",
    "balanceAmount": -1000.0,
    "connectionStartDate": "1970-01-01 00:00:00.000045823",
    "expiryDate": "2025-06-27 00:00:00",
    "sequenceNo": 4,
    "active": true,
    "stbName": "'RL Tech",
    "stbNumber": "'RLGM3BADFF80",
    "cardNumber": "'",
    "productId": ["68c02a2233317089bc04f093", "68c02a2233317089bc04f08f"],
    "additionalCharge": 0,
    "discount": 0,
    "lastPaymentAmount": 1500.0,
    "lastPaymentDate": null,
    "remark": "Suguna2890"
  },
  {
    "operatorId": null,
    "agentId": null,
    "customerCode": "CUS008",
    "name": "Venkata Reddy Pallerla",
    "locality": "Kandrapadu",
    "mobile": "9542336160",
    "billingAddress": "Bodrai Bazar",
    "balanceAmount": 0.0,
    "connectionStartDate": "1970-01-01 00:00:00.000045823",
    "expiryDate": "2025-07-05 00:00:00",
    "sequenceNo": 4,
    "active": true,
    "stbName": "'RL Tech",
    "stbNumber": "'RLGM3BADC1C0",
    "cardNumber": "'",
    "productId": ["68c02a2233317089bc04f08f"],
    "additionalCharge": 0,
    "discount": 0,
    "lastPaymentAmount": 500.0,
    "lastPaymentDate": null,
    "remark": "20240702"
  },
  {
    "operatorId": null,
    "agentId": null,
    "customerCode": "CUS009",
    "name": "Sundara Reddy Induri",
    "locality": "Kandrapadu",
    "mobile": "9959167074",
    "billingAddress": "nan",
    "balanceAmount": 0.0,
    "connectionStartDate": "1970-01-01 00:00:00.002958465",
    "expiryDate": "2025-06-11 00:00:00",
    "sequenceNo": 5,
    "active": true,
    "stbName": "'ZTE",
    "stbNumber": "'ZTEGCFA7C4CB",
    "cardNumber": "'",
    "productId": ["68c02a2233317089bc04f088", "68c02a2233317089bc04f09b"],
    "additionalCharge": 0,
    "discount": 0,
    "lastPaymentAmount": 2000.0,
    "lastPaymentDate": null,
    "remark": "nan"
  },
  {
    "operatorId": null,
    "agentId": null,
    "customerCode": "CUS010",
    "name": "Deepika Kamatam",
    "locality": "Kandrapadu",
    "mobile": "9000973971",
    "billingAddress": "Bodrai Bazar, Kandrapadu",
    "balanceAmount": 0.0,
    "connectionStartDate": "1970-01-01 00:00:00.000045823",
    "expiryDate": "2025-06-13 00:00:00",
    "sequenceNo": 5,
    "active": true,
    "stbName": "'Dasan Terasoft",
    "stbNumber": "'DSNW202c1798",
    "cardNumber": "'TA042018E121744",
    "productId": ["68c02a2233317089bc04f08c", "68c02a2233317089bc04f086"],
    "additionalCharge": 0,
    "discount": 0,
    "lastPaymentAmount": 700.0,
    "lastPaymentDate": null,
    "remark": "nan"
  },
  {
    "operatorId": null,
    "agentId": null,
    "customerCode": "CUS011",
    "name": "Sivareddy Gotika",
    "locality": "Kandrapadu",
    "mobile": "9908331088",
    "billingAddress": "Bodrai Bazar, Kandrapadu",
    "balanceAmount": 0.0,
    "connectionStartDate": "1970-01-01 00:00:00.000045823",
    "expiryDate": "2025-07-06 00:00:00",
    "sequenceNo": 6,
    "active": true,
    "stbName": "'Dasan Terasoft",
    "stbNumber": "'DSNW202c4170",
    "cardNumber": "'YA052018Y23436",
    "productId": ["68c02a2233317089bc04f091", "68c02a2233317089bc04f08a"],
    "additionalCharge": 0,
    "discount": 0,
    "lastPaymentAmount": 350.0,
    "lastPaymentDate": null,
    "remark": "nan"
  },
  {
    "operatorId": null,
    "agentId": null,
    "customerCode": "CUS012",
    "name": "Satyanarayana Reddy Tupakula",
    "locality": "Kandrapadu",
    "mobile": "8310012619",
    "billingAddress": "Bodrai Bazar, Kandrapadu",
    "balanceAmount": 0.0,
    "connectionStartDate": "1970-01-01 00:00:00.000045823",
    "expiryDate": "2025-06-25 00:00:00",
    "sequenceNo": 9,
    "active": true,
    "stbName": "'Dasan Terasoft",
    "stbNumber": "'DSNW202c5fa8",
    "cardNumber": "'TA032018D103325",
    "productId": [
      "68c02a2233317089bc04f095",
      "68c02a2233317089bc04f08f",
      "68c02a2233317089bc04f08c"
    ],
    "additionalCharge": 0,
    "discount": 0,
    "lastPaymentAmount": 350.0,
    "lastPaymentDate": null,
    "remark": "nan"
  },
  {
    "operatorId": null,
    "agentId": null,
    "customerCode": "CUS013",
    "name": "Narsireddy Kamatam",
    "locality": "Kandrapadu",
    "mobile": "9989178908",
    "billingAddress": "Bodrai Bazar, Kandrapadu",
    "balanceAmount": 1750.0,
    "connectionStartDate": "1970-01-01 00:00:00.000045823",
    "expiryDate": "2025-07-09 00:00:00",
    "sequenceNo": 10,
    "active": true,
    "stbName": "'Dasan Terasoft",
    "stbNumber": "'DSNW202c4078",
    "cardNumber": "'YA052018Y25651",
    "productId": ["68c02a2233317089bc04f08f"],
    "additionalCharge": 0,
    "discount": 0,
    "lastPaymentAmount": 350.0,
    "lastPaymentDate": null,
    "remark": "nan"
  },
  {
    "operatorId": null,
    "agentId": null,
    "customerCode": "CUS014",
    "name": "Chakradhar Reddy Chereddy",
    "locality": "Kandrapadu",
    "mobile": "9000947380",
    "billingAddress": "Bodrai Bazar, Kandrapadu",
    "balanceAmount": 150.0,
    "connectionStartDate": "1970-01-01 00:00:00.000045823",
    "expiryDate": "2025-07-09 00:00:00",
    "sequenceNo": 11,
    "active": true,
    "stbName": "'Dasan Terasoft",
    "stbNumber": "'DSNW203059e0",
    "cardNumber": "'",
    "productId": ["68c02a2233317089bc04f085", "68c02a2233317089bc04f09b"],
    "additionalCharge": 0,
    "discount": 0,
    "lastPaymentAmount": 450.0,
    "lastPaymentDate": null,
    "remark": "nan"
  },
  {
    "operatorId": null,
    "agentId": null,
    "customerCode": "CUS015",
    "name": "Chandrasekhar Reddy Mangunuru",
    "locality": "Kandrapadu",
    "mobile": "9959337919",
    "billingAddress": "nan",
    "balanceAmount": 0.0,
    "connectionStartDate": null,
    "expiryDate": "2022-12-30 00:00:00",
    "sequenceNo": 12,
    "active": false,
    "stbName": "'DSNW202c3340",
    "stbNumber": "'ONU",
    "cardNumber": "'",
    "productId": ["68c02a2233317089bc04f092", "68c02a2233317089bc04f09b"],
    "additionalCharge": 0,
    "discount": 0,
    "lastPaymentAmount": 350.0,
    "lastPaymentDate": null,
    "remark": "nan"
  },
  {
    "operatorId": null,
    "agentId": null,
    "customerCode": "CUS016",
    "name": "Kavitha Gunnam",
    "locality": "Kandrapadu",
    "mobile": "9666647763",
    "billingAddress": "Bodrai Bazar",
    "balanceAmount": 3700.0,
    "connectionStartDate": "1970-01-01 00:00:00.002958465",
    "expiryDate": "2025-06-18 00:00:00",
    "sequenceNo": 13,
    "active": true,
    "stbName": "'ZTE",
    "stbNumber": "'ZTEGCFA7C6C8",
    "cardNumber": "'",
    "productId": [
      "68c02a2233317089bc04f09a",
      "68c02a2233317089bc04f08a",
      "68c02a2233317089bc04f085"
    ],
    "additionalCharge": 50,
    "discount": 0,
    "lastPaymentAmount": 350.0,
    "lastPaymentDate": null,
    "remark": "nan"
  },
  {
    "operatorId": null,
    "agentId": null,
    "customerCode": "CUS017",
    "name": "Punnareddy Gunnam",
    "locality": "Kandrapadu",
    "mobile": "9912524931",
    "billingAddress": "Bodrai Bazar",
    "balanceAmount": 1400.0,
    "connectionStartDate": "1970-01-01 00:00:00.000045823",
    "expiryDate": "2025-07-06 00:00:00",
    "sequenceNo": 14,
    "active": true,
    "stbName": "'DASAN Terasoft",
    "stbNumber": "'DSNW202be900",
    "cardNumber": "'TA042018G47",
    "productId": ["68c02a2233317089bc04f097", "68c02a2233317089bc04f085"],
    "additionalCharge": 0,
    "discount": 0,
    "lastPaymentAmount": 350.0,
    "lastPaymentDate": null,
    "remark": "nan"
  },
  {
    "operatorId": null,
    "agentId": null,
    "customerCode": "CUS018",
    "name": "Nagireddy Kamatam",
    "locality": "Kandrapadu",
    "mobile": "7893034387",
    "billingAddress": "Second Bazar",
    "balanceAmount": 3550.0,
    "connectionStartDate": "1970-01-01 00:00:00.000045823",
    "expiryDate": "2025-06-24 00:00:00",
    "sequenceNo": 15,
    "active": true,
    "stbName": "'ZTE OTT",
    "stbNumber": "'ZTEGCFA7E938",
    "cardNumber": "'",
    "productId": ["68c02a2233317089bc04f083", "68c02a2233317089bc04f084"],
    "additionalCharge": 0,
    "discount": 0,
    "lastPaymentAmount": 350.0,
    "lastPaymentDate": null,
    "remark": "SPTV- Self-060425"
  },
  {
    "operatorId": null,
    "agentId": null,
    "customerCode": "CUS019",
    "name": "Gopireddy Dulam",
    "locality": "Kandrapadu",
    "mobile": "9912677908",
    "billingAddress": "Second Bazar",
    "balanceAmount": 1400.0,
    "connectionStartDate": "1970-01-01 00:00:00.000045823",
    "expiryDate": "2025-07-12 00:00:00",
    "sequenceNo": 16,
    "active": true,
    "stbName": "'DASAN Terasoft",
    "stbNumber": "'DSNW202a4518",
    "cardNumber": "'YA052018Y23429",
    "productId": ["68c02a2233317089bc04f08b"],
    "additionalCharge": 0,
    "discount": 0,
    "lastPaymentAmount": 350.0,
    "lastPaymentDate": null,
    "remark": "nan"
  },
  {
    "operatorId": null,
    "agentId": null,
    "customerCode": "CUS020",
    "name": "Sivareddy Gogula",
    "locality": "Kandrapadu",
    "mobile": "7095757860",
    "billingAddress": "nan",
    "balanceAmount": 0.0,
    "connectionStartDate": null,
    "expiryDate": "2020-06-30 00:00:00",
    "sequenceNo": 17,
    "active": false,
    "stbName": "'DSNW202c4518",
    "stbNumber": "'",
    "cardNumber": "'",
    "productId": [
      "68c02a2233317089bc04f089",
      "68c02a2233317089bc04f08b",
      "68c02a2233317089bc04f097"
    ],
    "additionalCharge": 0,
    "discount": 0,
    "lastPaymentAmount": 300.0,
    "lastPaymentDate": null,
    "remark": "nan"
  },
  {
    "operatorId": null,
    "agentId": null,
    "customerCode": "CUS021",
    "name": "Nagireddy Podapala",
    "locality": "Kandrapadu",
    "mobile": "9000399043",
    "billingAddress": "Bodrai Bazar, Kandrapadu",
    "balanceAmount": 1775.0,
    "connectionStartDate": "1970-01-01 00:00:00.000045823",
    "expiryDate": "2025-06-08 00:00:00",
    "sequenceNo": 18,
    "active": true,
    "stbName": "'Dasan COMBO",
    "stbNumber": "'DSNW26448af8",
    "cardNumber": "'",
    "productId": ["68c02a2233317089bc04f093", "68c02a2233317089bc04f083"],
    "additionalCharge": 0,
    "discount": 0,
    "lastPaymentAmount": 350.0,
    "lastPaymentDate": null,
    "remark": "nan"
  },
  {
    "operatorId": null,
    "agentId": null,
    "customerCode": "CUS022",
    "name": "Kotireddy Kanala",
    "locality": "Kandrapadu",
    "mobile": "8179260021",
    "billingAddress": "Bodrai Bazar",
    "balanceAmount": 0.0,
    "connectionStartDate": "1970-01-01 00:00:00.000045823",
    "expiryDate": "2025-07-12 00:00:00",
    "sequenceNo": 19,
    "active": true,
    "stbName": "'DASAN Combo",
    "stbNumber": "'DSNW26493248",
    "cardNumber": "'",
    "productId": ["68c02a2233317089bc04f085"],
    "additionalCharge": 0,
    "discount": 0,
    "lastPaymentAmount": 350.0,
    "lastPaymentDate": null,
    "remark": "nan"
  },
  {
    "operatorId": null,
    "agentId": null,
    "customerCode": "CUS023",
    "name": "Lakshmi Tirupatamma Kanala",
    "locality": "Kandrapadu",
    "mobile": "9492490545",
    "billingAddress": "Bodrai Bazar",
    "balanceAmount": 0.0,
    "connectionStartDate": "1970-01-01 00:00:00.000045823",
    "expiryDate": "2025-06-16 00:00:00",
    "sequenceNo": 20,
    "active": true,
    "stbName": "'RLTech - MC",
    "stbNumber": "'",
    "cardNumber": "'",
    "productId": ["68c02a2233317089bc04f098", "68c02a2233317089bc04f094"],
    "additionalCharge": 0,
    "discount": 0,
    "lastPaymentAmount": 350.0,
    "lastPaymentDate": null,
    "remark": "nan"
  },
  {
    "operatorId": null,
    "agentId": null,
    "customerCode": "CUS024",
    "name": "Lakshma Reddy Merugu",
    "locality": "Kandrapadu",
    "mobile": "9492939421",
    "billingAddress": "nan",
    "balanceAmount": 0.0,
    "connectionStartDate": "1970-01-01 00:00:00.000045823",
    "expiryDate": "2025-06-12 00:00:00",
    "sequenceNo": 21,
    "active": true,
    "stbName": "'DASAN Terasoft",
    "stbNumber": "'DSNW20305ad0",
    "cardNumber": "'YA052018Y23421",
    "productId": ["68c02a2233317089bc04f09b", "68c02a2233317089bc04f09a"],
    "additionalCharge": 0,
    "discount": 0,
    "lastPaymentAmount": 1000.0,
    "lastPaymentDate": null,
    "remark": "nan"
  },
  {
    "operatorId": null,
    "agentId": null,
    "customerCode": "CUS025",
    "name": "Anasuryamma Mangunuru",
    "locality": "Kandrapadu",
    "mobile": "9705490349",
    "billingAddress": "nan",
    "balanceAmount": 0.0,
    "connectionStartDate": "1970-01-01 00:00:00.000045823",
    "expiryDate": "2025-06-25 00:00:00",
    "sequenceNo": 22,
    "active": true,
    "stbName": "'OVT",
    "stbNumber": "'3381480825",
    "cardNumber": "'",
    "productId": ["68c02a2233317089bc04f08e"],
    "additionalCharge": 0,
    "discount": 0,
    "lastPaymentAmount": 3000.0,
    "lastPaymentDate": null,
    "remark": "nan"
  }
]
