[
  {
    "customerId": "68c0386a6b2af4cf8d04844d",
    "operatorId": "68c0295cb96f5d9c9eadb918",
    "collectedBy": "68c0295cb96f5d9c9eadb918",
    "collectedByType": "Operator",
    "type": "Billing",
    "amount": 795.24,
    "balanceBefore": 0,
    "balanceAfter": 795.24,
    "invoiceId": "2025092273",
    "receiptNumber": "000001",
    "method": "Cash",
    "note": "Billing entry"
  },
  {
    "customerId": "68c0386a6b2af4cf8d04844d",
    "operatorId": "68c0295cb96f5d9c9eadb918",
    "collectedBy": "68c0295cb96f5d9c9eadb918",
    "collectedByType": "Operator",
    "type": "Billing",
    "amount": 132.06,
    "balanceBefore": 795.24,
    "balanceAfter": 927.3,
    "invoiceId": "2025097824",
    "receiptNumber": "000002",
    "method": "Cash",
    "note": "Billing entry"
  },
  {
    "customerId": "68c0386a6b2af4cf8d04844d",
    "operatorId": "68c0295cb96f5d9c9eadb918",
    "collectedBy": "68c0295cb96f5d9c9eadb918",
    "collectedByType": "Operator",
    "type": "Billing",
    "amount": 910.5,
    "balanceBefore": 927.3,
    "balanceAfter": 1837.8,
    "invoiceId": "2025098483",
    "receiptNumber": "000003",
    "method": "Cash",
    "note": "Billing entry"
  },
  {
    "customerId": "68c0386a6b2af4cf8d04844d",
    "operatorId": "68c0295cb96f5d9c9eadb918",
    "collectedBy": "68c0295cb96f5d9c9eadb918",
    "collectedByType": "Operator",
    "type": "Billing",
    "amount": 739.33,
    "balanceBefore": 1837.8,
    "balanceAfter": 2577.13,
    "invoiceId": "2025096321",
    "receiptNumber": "000004",
    "method": "Adjustment",
    "note": "Billing entry"
  },
  {
    "customerId": "68c0386a6b2af4cf8d04844d",
    "operatorId": "68c0295cb96f5d9c9eadb918",
    "collectedBy": "68c0295cb96f5d9c9eadb918",
    "collectedByType": "Operator",
    "type": "Collection",
    "amount": 379.45,
    "balanceBefore": 2577.13,
    "balanceAfter": 2197.6800000000003,
    "invoiceId": "2025097892",
    "receiptNumber": "000005",
    "method": "Online",
    "note": "Collection entry"
  },
  {
    "customerId": "68c0386a6b2af4cf8d04844d",
    "operatorId": "68c0295cb96f5d9c9eadb918",
    "collectedBy": "68c0295cb96f5d9c9eadb918",
    "collectedByType": "Operator",
    "type": "Collection",
    "amount": 167.47,
    "balanceBefore": 2197.6800000000003,
    "balanceAfter": 2030.2100000000003,
    "invoiceId": "2025097997",
    "receiptNumber": "000006",
    "method": "Cheque",
    "note": "Collection entry"
  },
  {
    "customerId": "68c0386a6b2af4cf8d04844d",
    "operatorId": "68c0295cb96f5d9c9eadb918",
    "collectedBy": "68c0295cb96f5d9c9eadb918",
    "collectedByType": "Operator",
    "type": "Collection",
    "amount": 88.29,
    "balanceBefore": 2030.2100000000003,
    "balanceAfter": 1941.9200000000003,
    "invoiceId": "2025091586",
    "receiptNumber": "000007",
    "method": "Cash",
    "note": "Collection entry"
  },
  {
    "customerId": "68c0386a6b2af4cf8d04844d",
    "operatorId": "68c0295cb96f5d9c9eadb918",
    "collectedBy": "68c0295cb96f5d9c9eadb918",
    "collectedByType": "Operator",
    "type": "Adjustment",
    "amount": 34.99,
    "balanceBefore": 1941.9200000000003,
    "balanceAfter": 1976.9100000000003,
    "invoiceId": "2025098443",
    "receiptNumber": "000008",
    "method": "Adjustment",
    "note": "Adjustment entry"
  },
  {
    "customerId": "68c0386a6b2af4cf8d04844e",
    "operatorId": "68c0295cb96f5d9c9eadb918",
    "collectedBy": "68c0295cb96f5d9c9eadb918",
    "collectedByType": "Operator",
    "type": "Billing",
    "amount": 647.33,
    "balanceBefore": 0,
    "balanceAfter": 647.33,
    "invoiceId": "2025097284",
    "receiptNumber": "000009",
    "method": "Adjustment",
    "note": "Billing entry"
  },
  {
    "customerId": "68c0386a6b2af4cf8d04844e",
    "operatorId": "68c0295cb96f5d9c9eadb918",
    "collectedBy": "68c0295cb96f5d9c9eadb918",
    "collectedByType": "Operator",
    "type": "Billing",
    "amount": 912.63,
    "balanceBefore": 647.33,
    "balanceAfter": 1559.96,
    "invoiceId": "2025096803",
    "receiptNumber": "000010",
    "method": "Cash",
    "note": "Billing entry"
  },
  {
    "customerId": "68c0386a6b2af4cf8d04844e",
    "operatorId": "68c0295cb96f5d9c9eadb918",
    "collectedBy": "68c0295cb96f5d9c9eadb918",
    "collectedByType": "Operator",
    "type": "Billing",
    "amount": 676.1,
    "balanceBefore": 1559.96,
    "balanceAfter": 2236.06,
    "invoiceId": "2025094214",
    "receiptNumber": "000011",
    "method": "Cash",
    "note": "Billing entry"
  },
  {
    "customerId": "68c0386a6b2af4cf8d04844e",
    "operatorId": "68c0295cb96f5d9c9eadb918",
    "collectedBy": "68c0295cb96f5d9c9eadb918",
    "collectedByType": "Operator",
    "type": "Billing",
    "amount": 894.15,
    "balanceBefore": 2236.06,
    "balanceAfter": 3130.21,
    "invoiceId": "2025092574",
    "receiptNumber": "000012",
    "method": "Cash",
    "note": "Billing entry"
  },
  {
    "customerId": "68c0386a6b2af4cf8d04844e",
    "operatorId": "68c0295cb96f5d9c9eadb918",
    "collectedBy": "68c0295cb96f5d9c9eadb918",
    "collectedByType": "Operator",
    "type": "Collection",
    "amount": 168.07,
    "balanceBefore": 3130.21,
    "balanceAfter": 2962.14,
    "invoiceId": "2025095522",
    "receiptNumber": "000013",
    "method": "Cheque",
    "note": "Collection entry"
  },
  {
    "customerId": "68c0386a6b2af4cf8d04844e",
    "operatorId": "68c0295cb96f5d9c9eadb918",
    "collectedBy": "68c0295cb96f5d9c9eadb918",
    "collectedByType": "Operator",
    "type": "Collection",
    "amount": 174.54,
    "balanceBefore": 2962.14,
    "balanceAfter": 2787.6,
    "invoiceId": "2025097637",
    "receiptNumber": "000014",
    "method": "Cheque",
    "note": "Collection entry"
  },
  {
    "customerId": "68c0386a6b2af4cf8d04844e",
    "operatorId": "68c0295cb96f5d9c9eadb918",
    "collectedBy": "68c0295cb96f5d9c9eadb918",
    "collectedByType": "Operator",
    "type": "Collection",
    "amount": 292.26,
    "balanceBefore": 2787.6,
    "balanceAfter": 2495.34,
    "invoiceId": "2025096594",
    "receiptNumber": "000015",
    "method": "Online",
    "note": "Collection entry"
  },
  {
    "customerId": "68c0386a6b2af4cf8d04844e",
    "operatorId": "68c0295cb96f5d9c9eadb918",
    "collectedBy": "68c0295cb96f5d9c9eadb918",
    "collectedByType": "Operator",
    "type": "Adjustment",
    "amount": -70.21,
    "balanceBefore": 2495.34,
    "balanceAfter": 2425.13,
    "invoiceId": "2025093134",
    "receiptNumber": "000016",
    "method": "Adjustment",
    "note": "Adjustment entry"
  },
  {
    "customerId": "68c0386a6b2af4cf8d04844f",
    "operatorId": "68c0295cb96f5d9c9eadb918",
    "collectedBy": "68c0295cb96f5d9c9eadb918",
    "collectedByType": "Operator",
    "type": "Billing",
    "amount": 541.36,
    "balanceBefore": 0,
    "balanceAfter": 541.36,
    "invoiceId": "2025092370",
    "receiptNumber": "000017",
    "method": "Cash",
    "note": "Billing entry"
  },
  {
    "customerId": "68c0386a6b2af4cf8d04844f",
    "operatorId": "68c0295cb96f5d9c9eadb918",
    "collectedBy": "68c0295cb96f5d9c9eadb918",
    "collectedByType": "Operator",
    "type": "Billing",
    "amount": 994.65,
    "balanceBefore": 541.36,
    "balanceAfter": 1536.01,
    "invoiceId": "2025092257",
    "receiptNumber": "000018",
    "method": "Cash",
    "note": "Billing entry"
  },
  {
    "customerId": "68c0386a6b2af4cf8d04844f",
    "operatorId": "68c0295cb96f5d9c9eadb918",
    "collectedBy": "68c0295cb96f5d9c9eadb918",
    "collectedByType": "Operator",
    "type": "Billing",
    "amount": 560.35,
    "balanceBefore": 1536.01,
    "balanceAfter": 2096.36,
    "invoiceId": "2025096219",
    "receiptNumber": "000019",
    "method": "Cash",
    "note": "Billing entry"
  },
  {
    "customerId": "68c0386a6b2af4cf8d04844f",
    "operatorId": "68c0295cb96f5d9c9eadb918",
    "collectedBy": "68c0295cb96f5d9c9eadb918",
    "collectedByType": "Operator",
    "type": "Billing",
    "amount": 957.81,
    "balanceBefore": 2096.36,
    "balanceAfter": 3054.17,
    "invoiceId": "2025091754",
    "receiptNumber": "000020",
    "method": "Cash",
    "note": "Billing entry"
  },
  {
    "customerId": "68c0386a6b2af4cf8d04844f",
    "operatorId": "68c0295cb96f5d9c9eadb918",
    "collectedBy": "68c0295cb96f5d9c9eadb918",
    "collectedByType": "Operator",
    "type": "Collection",
    "amount": 265.7,
    "balanceBefore": 3054.17,
    "balanceAfter": 2788.4700000000003,
    "invoiceId": "2025096865",
    "receiptNumber": "000021",
    "method": "Cheque",
    "note": "Collection entry"
  },
  {
    "customerId": "68c0386a6b2af4cf8d04844f",
    "operatorId": "68c0295cb96f5d9c9eadb918",
    "collectedBy": "68c0295cb96f5d9c9eadb918",
    "collectedByType": "Operator",
    "type": "Collection",
    "amount": 427.12,
    "balanceBefore": 2788.4700000000003,
    "balanceAfter": 2361.3500000000004,
    "invoiceId": "2025097337",
    "receiptNumber": "000022",
    "method": "Online",
    "note": "Collection entry"
  },
  {
    "customerId": "68c0386a6b2af4cf8d04844f",
    "operatorId": "68c0295cb96f5d9c9eadb918",
    "collectedBy": "68c0295cb96f5d9c9eadb918",
    "collectedByType": "Operator",
    "type": "Collection",
    "amount": 196.14,
    "balanceBefore": 2361.3500000000004,
    "balanceAfter": 2165.2100000000005,
    "invoiceId": "2025091322",
    "receiptNumber": "000023",
    "method": "Cash",
    "note": "Collection entry"
  },
  {
    "customerId": "68c0386a6b2af4cf8d04844f",
    "operatorId": "68c0295cb96f5d9c9eadb918",
    "collectedBy": "68c0295cb96f5d9c9eadb918",
    "collectedByType": "Operator",
    "type": "Adjustment",
    "amount": 66.48,
    "balanceBefore": 2165.2100000000005,
    "balanceAfter": 2231.6900000000005,
    "invoiceId": "2025093517",
    "receiptNumber": "000024",
    "method": "Adjustment",
    "note": "Adjustment entry"
  },
  {
    "customerId": "68c0386a6b2af4cf8d048450",
    "operatorId": "68c0295cb96f5d9c9eadb918",
    "collectedBy": "68c0295cb96f5d9c9eadb918",
    "collectedByType": "Operator",
    "type": "Billing",
    "amount": 674.9,
    "balanceBefore": 0,
    "balanceAfter": 674.9,
    "invoiceId": "2025098503",
    "receiptNumber": "000025",
    "method": "Cash",
    "note": "Billing entry"
  },
  {
    "customerId": "68c0386a6b2af4cf8d048450",
    "operatorId": "68c0295cb96f5d9c9eadb918",
    "collectedBy": "68c0295cb96f5d9c9eadb918",
    "collectedByType": "Operator",
    "type": "Billing",
    "amount": 662.58,
    "balanceBefore": 674.9,
    "balanceAfter": 1337.48,
    "invoiceId": "2025097256",
    "receiptNumber": "000026",
    "method": "Adjustment",
    "note": "Billing entry"
  },
  {
    "customerId": "68c0386a6b2af4cf8d048450",
    "operatorId": "68c0295cb96f5d9c9eadb918",
    "collectedBy": "68c0295cb96f5d9c9eadb918",
    "collectedByType": "Operator",
    "type": "Billing",
    "amount": 791.37,
    "balanceBefore": 1337.48,
    "balanceAfter": 2128.85,
    "invoiceId": "2025091652",
    "receiptNumber": "000027",
    "method": "Cash",
    "note": "Billing entry"
  },
  {
    "customerId": "68c0386a6b2af4cf8d048450",
    "operatorId": "68c0295cb96f5d9c9eadb918",
    "collectedBy": "68c0295cb96f5d9c9eadb918",
    "collectedByType": "Operator",
    "type": "Billing",
    "amount": 842.31,
    "balanceBefore": 2128.85,
    "balanceAfter": 2971.16,
    "invoiceId": "2025091790",
    "receiptNumber": "000028",
    "method": "Cash",
    "note": "Billing entry"
  },
  {
    "customerId": "68c0386a6b2af4cf8d048450",
    "operatorId": "68c0295cb96f5d9c9eadb918",
    "collectedBy": "68c0295cb96f5d9c9eadb918",
    "collectedByType": "Operator",
    "type": "Collection",
    "amount": 458.14,
    "balanceBefore": 2971.16,
    "balanceAfter": 2513.02,
    "invoiceId": "2025092606",
    "receiptNumber": "000029",
    "method": "Online",
    "note": "Collection entry"
  },
  {
    "customerId": "68c0386a6b2af4cf8d048450",
    "operatorId": "68c0295cb96f5d9c9eadb918",
    "collectedBy": "68c0295cb96f5d9c9eadb918",
    "collectedByType": "Operator",
    "type": "Collection",
    "amount": 94.13,
    "balanceBefore": 2513.02,
    "balanceAfter": 2418.89,
    "invoiceId": "2025092113",
    "receiptNumber": "000030",
    "method": "Online",
    "note": "Collection entry"
  },
  {
    "customerId": "68c0386a6b2af4cf8d048450",
    "operatorId": "68c0295cb96f5d9c9eadb918",
    "collectedBy": "68c0295cb96f5d9c9eadb918",
    "collectedByType": "Operator",
    "type": "Collection",
    "amount": 477.32,
    "balanceBefore": 2418.89,
    "balanceAfter": 1941.57,
    "invoiceId": "2025097460",
    "receiptNumber": "000031",
    "method": "Cash",
    "note": "Collection entry"
  },
  {
    "customerId": "68c0386a6b2af4cf8d048450",
    "operatorId": "68c0295cb96f5d9c9eadb918",
    "collectedBy": "68c0295cb96f5d9c9eadb918",
    "collectedByType": "Operator",
    "type": "Adjustment",
    "amount": 35.93,
    "balanceBefore": 1941.57,
    "balanceAfter": 1977.5,
    "invoiceId": "2025097358",
    "receiptNumber": "000032",
    "method": "Adjustment",
    "note": "Adjustment entry"
  },
  {
    "customerId": "68c0386a6b2af4cf8d048451",
    "operatorId": "68c0295cb96f5d9c9eadb918",
    "collectedBy": "68c0295cb96f5d9c9eadb918",
    "collectedByType": "Operator",
    "type": "Billing",
    "amount": 869.21,
    "balanceBefore": 0,
    "balanceAfter": 869.21,
    "invoiceId": "2025091554",
    "receiptNumber": "000033",
    "method": "Cash",
    "note": "Billing entry"
  },
  {
    "customerId": "68c0386a6b2af4cf8d048451",
    "operatorId": "68c0295cb96f5d9c9eadb918",
    "collectedBy": "68c0295cb96f5d9c9eadb918",
    "collectedByType": "Operator",
    "type": "Billing",
    "amount": 272.99,
    "balanceBefore": 869.21,
    "balanceAfter": 1142.2,
    "invoiceId": "2025099561",
    "receiptNumber": "000034",
    "method": "Cash",
    "note": "Billing entry"
  },
  {
    "customerId": "68c0386a6b2af4cf8d048451",
    "operatorId": "68c0295cb96f5d9c9eadb918",
    "collectedBy": "68c0295cb96f5d9c9eadb918",
    "collectedByType": "Operator",
    "type": "Billing",
    "amount": 560.83,
    "balanceBefore": 1142.2,
    "balanceAfter": 1703.0300000000002,
    "invoiceId": "2025092223",
    "receiptNumber": "000035",
    "method": "Cash",
    "note": "Billing entry"
  },
  {
    "customerId": "68c0386a6b2af4cf8d048451",
    "operatorId": "68c0295cb96f5d9c9eadb918",
    "collectedBy": "68c0295cb96f5d9c9eadb918",
    "collectedByType": "Operator",
    "type": "Billing",
    "amount": 506.29,
    "balanceBefore": 1703.0300000000002,
    "balanceAfter": 2209.32,
    "invoiceId": "2025098262",
    "receiptNumber": "000036",
    "method": "Cash",
    "note": "Billing entry"
  },
  {
    "customerId": "68c0386a6b2af4cf8d048451",
    "operatorId": "68c0295cb96f5d9c9eadb918",
    "collectedBy": "68c0295cb96f5d9c9eadb918",
    "collectedByType": "Operator",
    "type": "Collection",
    "amount": 128.31,
    "balanceBefore": 2209.32,
    "balanceAfter": 2081.01,
    "invoiceId": "2025096912",
    "receiptNumber": "000037",
    "method": "Cash",
    "note": "Collection entry"
  },
  {
    "customerId": "68c0386a6b2af4cf8d048451",
    "operatorId": "68c0295cb96f5d9c9eadb918",
    "collectedBy": "68c0295cb96f5d9c9eadb918",
    "collectedByType": "Operator",
    "type": "Collection",
    "amount": 52.52,
    "balanceBefore": 2081.01,
    "balanceAfter": 2028.4900000000002,
    "invoiceId": "2025098739",
    "receiptNumber": "000038",
    "method": "Cash",
    "note": "Collection entry"
  },
  {
    "customerId": "68c0386a6b2af4cf8d048451",
    "operatorId": "68c0295cb96f5d9c9eadb918",
    "collectedBy": "68c0295cb96f5d9c9eadb918",
    "collectedByType": "Operator",
    "type": "Collection",
    "amount": 113.09,
    "balanceBefore": 2028.4900000000002,
    "balanceAfter": 1915.4000000000003,
    "invoiceId": "2025095012",
    "receiptNumber": "000039",
    "method": "Cheque",
    "note": "Collection entry"
  },
  {
    "customerId": "68c0386a6b2af4cf8d048451",
    "operatorId": "68c0295cb96f5d9c9eadb918",
    "collectedBy": "68c0295cb96f5d9c9eadb918",
    "collectedByType": "Operator",
    "type": "Adjustment",
    "amount": 70.7,
    "balanceBefore": 1915.4000000000003,
    "balanceAfter": 1986.1000000000004,
    "invoiceId": "2025096241",
    "receiptNumber": "000040",
    "method": "Adjustment",
    "note": "Adjustment entry"
  },
  {
    "customerId": "68c0386a6b2af4cf8d048452",
    "operatorId": "68c0295cb96f5d9c9eadb918",
    "collectedBy": "68c0295cb96f5d9c9eadb918",
    "collectedByType": "Operator",
    "type": "Billing",
    "amount": 808.88,
    "balanceBefore": 0,
    "balanceAfter": 808.88,
    "invoiceId": "2025092519",
    "receiptNumber": "000041",
    "method": "Adjustment",
    "note": "Billing entry"
  },
  {
    "customerId": "68c0386a6b2af4cf8d048452",
    "operatorId": "68c0295cb96f5d9c9eadb918",
    "collectedBy": "68c0295cb96f5d9c9eadb918",
    "collectedByType": "Operator",
    "type": "Billing",
    "amount": 314.47,
    "balanceBefore": 808.88,
    "balanceAfter": 1123.35,
    "invoiceId": "2025091268",
    "receiptNumber": "000042",
    "method": "Cash",
    "note": "Billing entry"
  },
  {
    "customerId": "68c0386a6b2af4cf8d048452",
    "operatorId": "68c0295cb96f5d9c9eadb918",
    "collectedBy": "68c0295cb96f5d9c9eadb918",
    "collectedByType": "Operator",
    "type": "Billing",
    "amount": 616.75,
    "balanceBefore": 1123.35,
    "balanceAfter": 1740.1,
    "invoiceId": "2025098157",
    "receiptNumber": "000043",
    "method": "Adjustment",
    "note": "Billing entry"
  },
  {
    "customerId": "68c0386a6b2af4cf8d048452",
    "operatorId": "68c0295cb96f5d9c9eadb918",
    "collectedBy": "68c0295cb96f5d9c9eadb918",
    "collectedByType": "Operator",
    "type": "Billing",
    "amount": 163.0,
    "balanceBefore": 1740.1,
    "balanceAfter": 1903.1,
    "invoiceId": "2025094828",
    "receiptNumber": "000044",
    "method": "Cash",
    "note": "Billing entry"
  },
  {
    "customerId": "68c0386a6b2af4cf8d048452",
    "operatorId": "68c0295cb96f5d9c9eadb918",
    "collectedBy": "68c0295cb96f5d9c9eadb918",
    "collectedByType": "Operator",
    "type": "Collection",
    "amount": 443.84,
    "balanceBefore": 1903.1,
    "balanceAfter": 1459.26,
    "invoiceId": "2025098433",
    "receiptNumber": "000045",
    "method": "Online",
    "note": "Collection entry"
  },
  {
    "customerId": "68c0386a6b2af4cf8d048452",
    "operatorId": "68c0295cb96f5d9c9eadb918",
    "collectedBy": "68c0295cb96f5d9c9eadb918",
    "collectedByType": "Operator",
    "type": "Collection",
    "amount": 116.21,
    "balanceBefore": 1459.26,
    "balanceAfter": 1343.05,
    "invoiceId": "2025099556",
    "receiptNumber": "000046",
    "method": "Cheque",
    "note": "Collection entry"
  },
  {
    "customerId": "68c0386a6b2af4cf8d048452",
    "operatorId": "68c0295cb96f5d9c9eadb918",
    "collectedBy": "68c0295cb96f5d9c9eadb918",
    "collectedByType": "Operator",
    "type": "Collection",
    "amount": 359.22,
    "balanceBefore": 1343.05,
    "balanceAfter": 983.8299999999999,
    "invoiceId": "2025091121",
    "receiptNumber": "000047",
    "method": "Cash",
    "note": "Collection entry"
  },
  {
    "customerId": "68c0386a6b2af4cf8d048452",
    "operatorId": "68c0295cb96f5d9c9eadb918",
    "collectedBy": "68c0295cb96f5d9c9eadb918",
    "collectedByType": "Operator",
    "type": "Adjustment",
    "amount": 41.94,
    "balanceBefore": 983.8299999999999,
    "balanceAfter": 1025.77,
    "invoiceId": "2025095639",
    "receiptNumber": "000048",
    "method": "Adjustment",
    "note": "Adjustment entry"
  },
  {
    "customerId": "68c0386a6b2af4cf8d048453",
    "operatorId": "68c0295cb96f5d9c9eadb918",
    "collectedBy": "68c0295cb96f5d9c9eadb918",
    "collectedByType": "Operator",
    "type": "Billing",
    "amount": 589.59,
    "balanceBefore": 0,
    "balanceAfter": 589.59,
    "invoiceId": "2025095698",
    "receiptNumber": "000049",
    "method": "Adjustment",
    "note": "Billing entry"
  },
  {
    "customerId": "68c0386a6b2af4cf8d048453",
    "operatorId": "68c0295cb96f5d9c9eadb918",
    "collectedBy": "68c0295cb96f5d9c9eadb918",
    "collectedByType": "Operator",
    "type": "Billing",
    "amount": 175.72,
    "balanceBefore": 589.59,
    "balanceAfter": 765.3100000000001,
    "invoiceId": "2025092208",
    "receiptNumber": "000050",
    "method": "Cash",
    "note": "Billing entry"
  },
  {
    "customerId": "68c0386a6b2af4cf8d048453",
    "operatorId": "68c0295cb96f5d9c9eadb918",
    "collectedBy": "68c0295cb96f5d9c9eadb918",
    "collectedByType": "Operator",
    "type": "Billing",
    "amount": 231.34,
    "balanceBefore": 765.3100000000001,
    "balanceAfter": 996.6500000000001,
    "invoiceId": "2025093474",
    "receiptNumber": "000051",
    "method": "Cash",
    "note": "Billing entry"
  },
  {
    "customerId": "68c0386a6b2af4cf8d048453",
    "operatorId": "68c0295cb96f5d9c9eadb918",
    "collectedBy": "68c0295cb96f5d9c9eadb918",
    "collectedByType": "Operator",
    "type": "Billing",
    "amount": 754.14,
    "balanceBefore": 996.6500000000001,
    "balanceAfter": 1750.79,
    "invoiceId": "2025097988",
    "receiptNumber": "000052",
    "method": "Adjustment",
    "note": "Billing entry"
  },
  {
    "customerId": "68c0386a6b2af4cf8d048453",
    "operatorId": "68c0295cb96f5d9c9eadb918",
    "collectedBy": "68c0295cb96f5d9c9eadb918",
    "collectedByType": "Operator",
    "type": "Collection",
    "amount": 146.57,
    "balanceBefore": 1750.79,
    "balanceAfter": 1604.22,
    "invoiceId": "2025092177",
    "receiptNumber": "000053",
    "method": "Online",
    "note": "Collection entry"
  },
  {
    "customerId": "68c0386a6b2af4cf8d048453",
    "operatorId": "68c0295cb96f5d9c9eadb918",
    "collectedBy": "68c0295cb96f5d9c9eadb918",
    "collectedByType": "Operator",
    "type": "Collection",
    "amount": 147.95,
    "balanceBefore": 1604.22,
    "balanceAfter": 1456.27,
    "invoiceId": "2025096398",
    "receiptNumber": "000054",
    "method": "Cash",
    "note": "Collection entry"
  },
  {
    "customerId": "68c0386a6b2af4cf8d048453",
    "operatorId": "68c0295cb96f5d9c9eadb918",
    "collectedBy": "68c0295cb96f5d9c9eadb918",
    "collectedByType": "Operator",
    "type": "Collection",
    "amount": 72.43,
    "balanceBefore": 1456.27,
    "balanceAfter": 1383.84,
    "invoiceId": "2025091297",
    "receiptNumber": "000055",
    "method": "Online",
    "note": "Collection entry"
  },
  {
    "customerId": "68c0386a6b2af4cf8d048453",
    "operatorId": "68c0295cb96f5d9c9eadb918",
    "collectedBy": "68c0295cb96f5d9c9eadb918",
    "collectedByType": "Operator",
    "type": "Adjustment",
    "amount": -26.09,
    "balanceBefore": 1383.84,
    "balanceAfter": 1357.75,
    "invoiceId": "2025096829",
    "receiptNumber": "000056",
    "method": "Adjustment",
    "note": "Adjustment entry"
  },
  {
    "customerId": "68c0386a6b2af4cf8d048454",
    "operatorId": "68c0295cb96f5d9c9eadb918",
    "collectedBy": "68c0295cb96f5d9c9eadb918",
    "collectedByType": "Operator",
    "type": "Billing",
    "amount": 113.93,
    "balanceBefore": 0,
    "balanceAfter": 113.93,
    "invoiceId": "2025095877",
    "receiptNumber": "000057",
    "method": "Cash",
    "note": "Billing entry"
  },
  {
    "customerId": "68c0386a6b2af4cf8d048454",
    "operatorId": "68c0295cb96f5d9c9eadb918",
    "collectedBy": "68c0295cb96f5d9c9eadb918",
    "collectedByType": "Operator",
    "type": "Billing",
    "amount": 403.64,
    "balanceBefore": 113.93,
    "balanceAfter": 517.5699999999999,
    "invoiceId": "2025098764",
    "receiptNumber": "000058",
    "method": "Cash",
    "note": "Billing entry"
  },
  {
    "customerId": "68c0386a6b2af4cf8d048454",
    "operatorId": "68c0295cb96f5d9c9eadb918",
    "collectedBy": "68c0295cb96f5d9c9eadb918",
    "collectedByType": "Operator",
    "type": "Billing",
    "amount": 930.82,
    "balanceBefore": 517.5699999999999,
    "balanceAfter": 1448.3899999999999,
    "invoiceId": "2025097241",
    "receiptNumber": "000059",
    "method": "Cash",
    "note": "Billing entry"
  },
  {
    "customerId": "68c0386a6b2af4cf8d048454",
    "operatorId": "68c0295cb96f5d9c9eadb918",
    "collectedBy": "68c0295cb96f5d9c9eadb918",
    "collectedByType": "Operator",
    "type": "Billing",
    "amount": 897.08,
    "balanceBefore": 1448.3899999999999,
    "balanceAfter": 2345.47,
    "invoiceId": "2025098233",
    "receiptNumber": "000060",
    "method": "Cash",
    "note": "Billing entry"
  },
  {
    "customerId": "68c0386a6b2af4cf8d048454",
    "operatorId": "68c0295cb96f5d9c9eadb918",
    "collectedBy": "68c0295cb96f5d9c9eadb918",
    "collectedByType": "Operator",
    "type": "Collection",
    "amount": 402.86,
    "balanceBefore": 2345.47,
    "balanceAfter": 1942.6099999999997,
    "invoiceId": "2025095429",
    "receiptNumber": "000061",
    "method": "Cash",
    "note": "Collection entry"
  },
  {
    "customerId": "68c0386a6b2af4cf8d048454",
    "operatorId": "68c0295cb96f5d9c9eadb918",
    "collectedBy": "68c0295cb96f5d9c9eadb918",
    "collectedByType": "Operator",
    "type": "Collection",
    "amount": 468.82,
    "balanceBefore": 1942.6099999999997,
    "balanceAfter": 1473.7899999999997,
    "invoiceId": "2025093883",
    "receiptNumber": "000062",
    "method": "Cheque",
    "note": "Collection entry"
  },
  {
    "customerId": "68c0386a6b2af4cf8d048454",
    "operatorId": "68c0295cb96f5d9c9eadb918",
    "collectedBy": "68c0295cb96f5d9c9eadb918",
    "collectedByType": "Operator",
    "type": "Collection",
    "amount": 367.92,
    "balanceBefore": 1473.7899999999997,
    "balanceAfter": 1105.8699999999997,
    "invoiceId": "2025096234",
    "receiptNumber": "000063",
    "method": "Cash",
    "note": "Collection entry"
  },
  {
    "customerId": "68c0386a6b2af4cf8d048454",
    "operatorId": "68c0295cb96f5d9c9eadb918",
    "collectedBy": "68c0295cb96f5d9c9eadb918",
    "collectedByType": "Operator",
    "type": "Adjustment",
    "amount": 25.18,
    "balanceBefore": 1105.8699999999997,
    "balanceAfter": 1131.0499999999997,
    "invoiceId": "2025097584",
    "receiptNumber": "000064",
    "method": "Adjustment",
    "note": "Adjustment entry"
  },
  {
    "customerId": "68c0386a6b2af4cf8d048455",
    "operatorId": "68c0295cb96f5d9c9eadb918",
    "collectedBy": "68c0295cb96f5d9c9eadb918",
    "collectedByType": "Operator",
    "type": "Billing",
    "amount": 706.46,
    "balanceBefore": 0,
    "balanceAfter": 706.46,
    "invoiceId": "2025094513",
    "receiptNumber": "000065",
    "method": "Adjustment",
    "note": "Billing entry"
  },
  {
    "customerId": "68c0386a6b2af4cf8d048455",
    "operatorId": "68c0295cb96f5d9c9eadb918",
    "collectedBy": "68c0295cb96f5d9c9eadb918",
    "collectedByType": "Operator",
    "type": "Billing",
    "amount": 544.44,
    "balanceBefore": 706.46,
    "balanceAfter": 1250.9,
    "invoiceId": "2025099973",
    "receiptNumber": "000066",
    "method": "Cash",
    "note": "Billing entry"
  },
  {
    "customerId": "68c0386a6b2af4cf8d048455",
    "operatorId": "68c0295cb96f5d9c9eadb918",
    "collectedBy": "68c0295cb96f5d9c9eadb918",
    "collectedByType": "Operator",
    "type": "Billing",
    "amount": 465.16,
    "balanceBefore": 1250.9,
    "balanceAfter": 1716.0600000000002,
    "invoiceId": "2025091496",
    "receiptNumber": "000067",
    "method": "Cash",
    "note": "Billing entry"
  },
  {
    "customerId": "68c0386a6b2af4cf8d048455",
    "operatorId": "68c0295cb96f5d9c9eadb918",
    "collectedBy": "68c0295cb96f5d9c9eadb918",
    "collectedByType": "Operator",
    "type": "Billing",
    "amount": 544.6,
    "balanceBefore": 1716.0600000000002,
    "balanceAfter": 2260.6600000000003,
    "invoiceId": "2025093417",
    "receiptNumber": "000068",
    "method": "Cash",
    "note": "Billing entry"
  },
  {
    "customerId": "68c0386a6b2af4cf8d048455",
    "operatorId": "68c0295cb96f5d9c9eadb918",
    "collectedBy": "68c0295cb96f5d9c9eadb918",
    "collectedByType": "Operator",
    "type": "Collection",
    "amount": 58.03,
    "balanceBefore": 2260.6600000000003,
    "balanceAfter": 2202.63,
    "invoiceId": "2025096036",
    "receiptNumber": "000069",
    "method": "Online",
    "note": "Collection entry"
  },
  {
    "customerId": "68c0386a6b2af4cf8d048455",
    "operatorId": "68c0295cb96f5d9c9eadb918",
    "collectedBy": "68c0295cb96f5d9c9eadb918",
    "collectedByType": "Operator",
    "type": "Collection",
    "amount": 252.05,
    "balanceBefore": 2202.63,
    "balanceAfter": 1950.5800000000002,
    "invoiceId": "2025096532",
    "receiptNumber": "000070",
    "method": "Cheque",
    "note": "Collection entry"
  },
  {
    "customerId": "68c0386a6b2af4cf8d048455",
    "operatorId": "68c0295cb96f5d9c9eadb918",
    "collectedBy": "68c0295cb96f5d9c9eadb918",
    "collectedByType": "Operator",
    "type": "Collection",
    "amount": 459.86,
    "balanceBefore": 1950.5800000000002,
    "balanceAfter": 1490.7200000000003,
    "invoiceId": "2025098673",
    "receiptNumber": "000071",
    "method": "Cheque",
    "note": "Collection entry"
  },
  {
    "customerId": "68c0386a6b2af4cf8d048455",
    "operatorId": "68c0295cb96f5d9c9eadb918",
    "collectedBy": "68c0295cb96f5d9c9eadb918",
    "collectedByType": "Operator",
    "type": "Adjustment",
    "amount": 9.96,
    "balanceBefore": 1490.7200000000003,
    "balanceAfter": 1500.6800000000003,
    "invoiceId": "2025099159",
    "receiptNumber": "000072",
    "method": "Adjustment",
    "note": "Adjustment entry"
  },
  {
    "customerId": "68c0386a6b2af4cf8d048456",
    "operatorId": "68c0295cb96f5d9c9eadb918",
    "collectedBy": "68c0295cb96f5d9c9eadb918",
    "collectedByType": "Operator",
    "type": "Billing",
    "amount": 231.15,
    "balanceBefore": 0,
    "balanceAfter": 231.15,
    "invoiceId": "2025094653",
    "receiptNumber": "000073",
    "method": "Cash",
    "note": "Billing entry"
  },
  {
    "customerId": "68c0386a6b2af4cf8d048456",
    "operatorId": "68c0295cb96f5d9c9eadb918",
    "collectedBy": "68c0295cb96f5d9c9eadb918",
    "collectedByType": "Operator",
    "type": "Billing",
    "amount": 100.79,
    "balanceBefore": 231.15,
    "balanceAfter": 331.94,
    "invoiceId": "2025098635",
    "receiptNumber": "000074",
    "method": "Cash",
    "note": "Billing entry"
  },
  {
    "customerId": "68c0386a6b2af4cf8d048456",
    "operatorId": "68c0295cb96f5d9c9eadb918",
    "collectedBy": "68c0295cb96f5d9c9eadb918",
    "collectedByType": "Operator",
    "type": "Billing",
    "amount": 263.17,
    "balanceBefore": 331.94,
    "balanceAfter": 595.11,
    "invoiceId": "2025091442",
    "receiptNumber": "000075",
    "method": "Cash",
    "note": "Billing entry"
  },
  {
    "customerId": "68c0386a6b2af4cf8d048456",
    "operatorId": "68c0295cb96f5d9c9eadb918",
    "collectedBy": "68c0295cb96f5d9c9eadb918",
    "collectedByType": "Operator",
    "type": "Billing",
    "amount": 442.53,
    "balanceBefore": 595.11,
    "balanceAfter": 1037.6399999999999,
    "invoiceId": "2025098921",
    "receiptNumber": "000076",
    "method": "Cash",
    "note": "Billing entry"
  },
  {
    "customerId": "68c0386a6b2af4cf8d048456",
    "operatorId": "68c0295cb96f5d9c9eadb918",
    "collectedBy": "68c0295cb96f5d9c9eadb918",
    "collectedByType": "Operator",
    "type": "Collection",
    "amount": 249.86,
    "balanceBefore": 1037.6399999999999,
    "balanceAfter": 787.7799999999999,
    "invoiceId": "2025094346",
    "receiptNumber": "000077",
    "method": "Cash",
    "note": "Collection entry"
  },
  {
    "customerId": "68c0386a6b2af4cf8d048456",
    "operatorId": "68c0295cb96f5d9c9eadb918",
    "collectedBy": "68c0295cb96f5d9c9eadb918",
    "collectedByType": "Operator",
    "type": "Collection",
    "amount": 278.42,
    "balanceBefore": 787.7799999999999,
    "balanceAfter": 509.35999999999984,
    "invoiceId": "2025097803",
    "receiptNumber": "000078",
    "method": "Cheque",
    "note": "Collection entry"
  },
  {
    "customerId": "68c0386a6b2af4cf8d048456",
    "operatorId": "68c0295cb96f5d9c9eadb918",
    "collectedBy": "68c0295cb96f5d9c9eadb918",
    "collectedByType": "Operator",
    "type": "Collection",
    "amount": 338.09,
    "balanceBefore": 509.35999999999984,
    "balanceAfter": 171.26999999999987,
    "invoiceId": "2025098722",
    "receiptNumber": "000079",
    "method": "Cheque",
    "note": "Collection entry"
  },
  {
    "customerId": "68c0386a6b2af4cf8d048456",
    "operatorId": "68c0295cb96f5d9c9eadb918",
    "collectedBy": "68c0295cb96f5d9c9eadb918",
    "collectedByType": "Operator",
    "type": "Adjustment",
    "amount": -42.2,
    "balanceBefore": 171.26999999999987,
    "balanceAfter": 129.06999999999988,
    "invoiceId": "2025098671",
    "receiptNumber": "000080",
    "method": "Adjustment",
    "note": "Adjustment entry"
  },
  {
    "customerId": "68c0386a6b2af4cf8d048457",
    "operatorId": "68c0295cb96f5d9c9eadb918",
    "collectedBy": "68c0295cb96f5d9c9eadb918",
    "collectedByType": "Operator",
    "type": "Billing",
    "amount": 938.53,
    "balanceBefore": 0,
    "balanceAfter": 938.53,
    "invoiceId": "2025093629",
    "receiptNumber": "000081",
    "method": "Cash",
    "note": "Billing entry"
  },
  {
    "customerId": "68c0386a6b2af4cf8d048457",
    "operatorId": "68c0295cb96f5d9c9eadb918",
    "collectedBy": "68c0295cb96f5d9c9eadb918",
    "collectedByType": "Operator",
    "type": "Billing",
    "amount": 385.71,
    "balanceBefore": 938.53,
    "balanceAfter": 1324.24,
    "invoiceId": "2025094438",
    "receiptNumber": "000082",
    "method": "Cash",
    "note": "Billing entry"
  },
  {
    "customerId": "68c0386a6b2af4cf8d048457",
    "operatorId": "68c0295cb96f5d9c9eadb918",
    "collectedBy": "68c0295cb96f5d9c9eadb918",
    "collectedByType": "Operator",
    "type": "Billing",
    "amount": 856.26,
    "balanceBefore": 1324.24,
    "balanceAfter": 2180.5,
    "invoiceId": "2025099391",
    "receiptNumber": "000083",
    "method": "Cash",
    "note": "Billing entry"
  },
  {
    "customerId": "68c0386a6b2af4cf8d048457",
    "operatorId": "68c0295cb96f5d9c9eadb918",
    "collectedBy": "68c0295cb96f5d9c9eadb918",
    "collectedByType": "Operator",
    "type": "Billing",
    "amount": 402.37,
    "balanceBefore": 2180.5,
    "balanceAfter": 2582.87,
    "invoiceId": "2025093769",
    "receiptNumber": "000084",
    "method": "Cash",
    "note": "Billing entry"
  },
  {
    "customerId": "68c0386a6b2af4cf8d048457",
    "operatorId": "68c0295cb96f5d9c9eadb918",
    "collectedBy": "68c0295cb96f5d9c9eadb918",
    "collectedByType": "Operator",
    "type": "Collection",
    "amount": 477.12,
    "balanceBefore": 2582.87,
    "balanceAfter": 2105.75,
    "invoiceId": "2025096103",
    "receiptNumber": "000085",
    "method": "Online",
    "note": "Collection entry"
  },
  {
    "customerId": "68c0386a6b2af4cf8d048457",
    "operatorId": "68c0295cb96f5d9c9eadb918",
    "collectedBy": "68c0295cb96f5d9c9eadb918",
    "collectedByType": "Operator",
    "type": "Collection",
    "amount": 315.11,
    "balanceBefore": 2105.75,
    "balanceAfter": 1790.6399999999999,
    "invoiceId": "2025096561",
    "receiptNumber": "000086",
    "method": "Online",
    "note": "Collection entry"
  },
  {
    "customerId": "68c0386a6b2af4cf8d048457",
    "operatorId": "68c0295cb96f5d9c9eadb918",
    "collectedBy": "68c0295cb96f5d9c9eadb918",
    "collectedByType": "Operator",
    "type": "Collection",
    "amount": 445.56,
    "balanceBefore": 1790.6399999999999,
    "balanceAfter": 1345.08,
    "invoiceId": "2025096977",
    "receiptNumber": "000087",
    "method": "Online",
    "note": "Collection entry"
  },
  {
    "customerId": "68c0386a6b2af4cf8d048457",
    "operatorId": "68c0295cb96f5d9c9eadb918",
    "collectedBy": "68c0295cb96f5d9c9eadb918",
    "collectedByType": "Operator",
    "type": "Adjustment",
    "amount": -1.61,
    "balanceBefore": 1345.08,
    "balanceAfter": 1343.47,
    "invoiceId": "2025099381",
    "receiptNumber": "000088",
    "method": "Adjustment",
    "note": "Adjustment entry"
  },
  {
    "customerId": "68c0386a6b2af4cf8d048458",
    "operatorId": "68c0295cb96f5d9c9eadb918",
    "collectedBy": "68c0295cb96f5d9c9eadb918",
    "collectedByType": "Operator",
    "type": "Billing",
    "amount": 212.78,
    "balanceBefore": 0,
    "balanceAfter": 212.78,
    "invoiceId": "2025092535",
    "receiptNumber": "000089",
    "method": "Cash",
    "note": "Billing entry"
  },
  {
    "customerId": "68c0386a6b2af4cf8d048458",
    "operatorId": "68c0295cb96f5d9c9eadb918",
    "collectedBy": "68c0295cb96f5d9c9eadb918",
    "collectedByType": "Operator",
    "type": "Billing",
    "amount": 438.49,
    "balanceBefore": 212.78,
    "balanceAfter": 651.27,
    "invoiceId": "2025092303",
    "receiptNumber": "000090",
    "method": "Cash",
    "note": "Billing entry"
  },
  {
    "customerId": "68c0386a6b2af4cf8d048458",
    "operatorId": "68c0295cb96f5d9c9eadb918",
    "collectedBy": "68c0295cb96f5d9c9eadb918",
    "collectedByType": "Operator",
    "type": "Billing",
    "amount": 247.79,
    "balanceBefore": 651.27,
    "balanceAfter": 899.06,
    "invoiceId": "2025094474",
    "receiptNumber": "000091",
    "method": "Cash",
    "note": "Billing entry"
  },
  {
    "customerId": "68c0386a6b2af4cf8d048458",
    "operatorId": "68c0295cb96f5d9c9eadb918",
    "collectedBy": "68c0295cb96f5d9c9eadb918",
    "collectedByType": "Operator",
    "type": "Billing",
    "amount": 786.74,
    "balanceBefore": 899.06,
    "balanceAfter": 1685.8,
    "invoiceId": "2025099051",
    "receiptNumber": "000092",
    "method": "Cash",
    "note": "Billing entry"
  },
  {
    "customerId": "68c0386a6b2af4cf8d048458",
    "operatorId": "68c0295cb96f5d9c9eadb918",
    "collectedBy": "68c0295cb96f5d9c9eadb918",
    "collectedByType": "Operator",
    "type": "Collection",
    "amount": 402.06,
    "balanceBefore": 1685.8,
    "balanceAfter": 1283.74,
    "invoiceId": "2025099362",
    "receiptNumber": "000093",
    "method": "Cash",
    "note": "Collection entry"
  },
  {
    "customerId": "68c0386a6b2af4cf8d048458",
    "operatorId": "68c0295cb96f5d9c9eadb918",
    "collectedBy": "68c0295cb96f5d9c9eadb918",
    "collectedByType": "Operator",
    "type": "Collection",
    "amount": 111.98,
    "balanceBefore": 1283.74,
    "balanceAfter": 1171.76,
    "invoiceId": "2025093296",
    "receiptNumber": "000094",
    "method": "Online",
    "note": "Collection entry"
  },
  {
    "customerId": "68c0386a6b2af4cf8d048458",
    "operatorId": "68c0295cb96f5d9c9eadb918",
    "collectedBy": "68c0295cb96f5d9c9eadb918",
    "collectedByType": "Operator",
    "type": "Collection",
    "amount": 364.85,
    "balanceBefore": 1171.76,
    "balanceAfter": 806.91,
    "invoiceId": "2025092675",
    "receiptNumber": "000095",
    "method": "Cheque",
    "note": "Collection entry"
  },
  {
    "customerId": "68c0386a6b2af4cf8d048458",
    "operatorId": "68c0295cb96f5d9c9eadb918",
    "collectedBy": "68c0295cb96f5d9c9eadb918",
    "collectedByType": "Operator",
    "type": "Adjustment",
    "amount": -78.37,
    "balanceBefore": 806.91,
    "balanceAfter": 728.54,
    "invoiceId": "2025097713",
    "receiptNumber": "000096",
    "method": "Adjustment",
    "note": "Adjustment entry"
  },
  {
    "customerId": "68c0386a6b2af4cf8d048459",
    "operatorId": "68c0295cb96f5d9c9eadb918",
    "collectedBy": "68c0295cb96f5d9c9eadb918",
    "collectedByType": "Operator",
    "type": "Billing",
    "amount": 947.99,
    "balanceBefore": 0,
    "balanceAfter": 947.99,
    "invoiceId": "2025099984",
    "receiptNumber": "000097",
    "method": "Cash",
    "note": "Billing entry"
  },
  {
    "customerId": "68c0386a6b2af4cf8d048459",
    "operatorId": "68c0295cb96f5d9c9eadb918",
    "collectedBy": "68c0295cb96f5d9c9eadb918",
    "collectedByType": "Operator",
    "type": "Billing",
    "amount": 516.81,
    "balanceBefore": 947.99,
    "balanceAfter": 1464.8,
    "invoiceId": "2025091020",
    "receiptNumber": "000098",
    "method": "Cash",
    "note": "Billing entry"
  },
  {
    "customerId": "68c0386a6b2af4cf8d048459",
    "operatorId": "68c0295cb96f5d9c9eadb918",
    "collectedBy": "68c0295cb96f5d9c9eadb918",
    "collectedByType": "Operator",
    "type": "Billing",
    "amount": 971.34,
    "balanceBefore": 1464.8,
    "balanceAfter": 2436.14,
    "invoiceId": "2025095315",
    "receiptNumber": "000099",
    "method": "Cash",
    "note": "Billing entry"
  },
  {
    "customerId": "68c0386a6b2af4cf8d048459",
    "operatorId": "68c0295cb96f5d9c9eadb918",
    "collectedBy": "68c0295cb96f5d9c9eadb918",
    "collectedByType": "Operator",
    "type": "Billing",
    "amount": 781.57,
    "balanceBefore": 2436.14,
    "balanceAfter": 3217.71,
    "invoiceId": "2025094465",
    "receiptNumber": "000100",
    "method": "Cash",
    "note": "Billing entry"
  },
  {
    "customerId": "68c0386a6b2af4cf8d048459",
    "operatorId": "68c0295cb96f5d9c9eadb918",
    "collectedBy": "68c0295cb96f5d9c9eadb918",
    "collectedByType": "Operator",
    "type": "Collection",
    "amount": 362.43,
    "balanceBefore": 3217.71,
    "balanceAfter": 2855.28,
    "invoiceId": "2025096412",
    "receiptNumber": "000101",
    "method": "Cheque",
    "note": "Collection entry"
  },
  {
    "customerId": "68c0386a6b2af4cf8d048459",
    "operatorId": "68c0295cb96f5d9c9eadb918",
    "collectedBy": "68c0295cb96f5d9c9eadb918",
    "collectedByType": "Operator",
    "type": "Collection",
    "amount": 396.93,
    "balanceBefore": 2855.28,
    "balanceAfter": 2458.3500000000004,
    "invoiceId": "2025097386",
    "receiptNumber": "000102",
    "method": "Cheque",
    "note": "Collection entry"
  },
  {
    "customerId": "68c0386a6b2af4cf8d048459",
    "operatorId": "68c0295cb96f5d9c9eadb918",
    "collectedBy": "68c0295cb96f5d9c9eadb918",
    "collectedByType": "Operator",
    "type": "Collection",
    "amount": 247.34,
    "balanceBefore": 2458.3500000000004,
    "balanceAfter": 2211.01,
    "invoiceId": "2025096756",
    "receiptNumber": "000103",
    "method": "Cheque",
    "note": "Collection entry"
  },
  {
    "customerId": "68c0386a6b2af4cf8d048459",
    "operatorId": "68c0295cb96f5d9c9eadb918",
    "collectedBy": "68c0295cb96f5d9c9eadb918",
    "collectedByType": "Operator",
    "type": "Adjustment",
    "amount": 40.25,
    "balanceBefore": 2211.01,
    "balanceAfter": 2251.26,
    "invoiceId": "2025093667",
    "receiptNumber": "000104",
    "method": "Adjustment",
    "note": "Adjustment entry"
  },
  {
    "customerId": "68c0386a6b2af4cf8d04845a",
    "operatorId": "68c0295cb96f5d9c9eadb918",
    "collectedBy": "68c0295cb96f5d9c9eadb918",
    "collectedByType": "Operator",
    "type": "Billing",
    "amount": 207.17,
    "balanceBefore": 0,
    "balanceAfter": 207.17,
    "invoiceId": "2025091778",
    "receiptNumber": "000105",
    "method": "Cash",
    "note": "Billing entry"
  },
  {
    "customerId": "68c0386a6b2af4cf8d04845a",
    "operatorId": "68c0295cb96f5d9c9eadb918",
    "collectedBy": "68c0295cb96f5d9c9eadb918",
    "collectedByType": "Operator",
    "type": "Billing",
    "amount": 523.94,
    "balanceBefore": 207.17,
    "balanceAfter": 731.11,
    "invoiceId": "2025098922",
    "receiptNumber": "000106",
    "method": "Cash",
    "note": "Billing entry"
  },
  {
    "customerId": "68c0386a6b2af4cf8d04845a",
    "operatorId": "68c0295cb96f5d9c9eadb918",
    "collectedBy": "68c0295cb96f5d9c9eadb918",
    "collectedByType": "Operator",
    "type": "Billing",
    "amount": 755.57,
    "balanceBefore": 731.11,
    "balanceAfter": 1486.68,
    "invoiceId": "2025095117",
    "receiptNumber": "000107",
    "method": "Cash",
    "note": "Billing entry"
  },
  {
    "customerId": "68c0386a6b2af4cf8d04845a",
    "operatorId": "68c0295cb96f5d9c9eadb918",
    "collectedBy": "68c0295cb96f5d9c9eadb918",
    "collectedByType": "Operator",
    "type": "Billing",
    "amount": 744.97,
    "balanceBefore": 1486.68,
    "balanceAfter": 2231.65,
    "invoiceId": "2025091499",
    "receiptNumber": "000108",
    "method": "Cash",
    "note": "Billing entry"
  },
  {
    "customerId": "68c0386a6b2af4cf8d04845a",
    "operatorId": "68c0295cb96f5d9c9eadb918",
    "collectedBy": "68c0295cb96f5d9c9eadb918",
    "collectedByType": "Operator",
    "type": "Collection",
    "amount": 192.53,
    "balanceBefore": 2231.65,
    "balanceAfter": 2039.1200000000001,
    "invoiceId": "2025098780",
    "receiptNumber": "000109",
    "method": "Cheque",
    "note": "Collection entry"
  },
  {
    "customerId": "68c0386a6b2af4cf8d04845a",
    "operatorId": "68c0295cb96f5d9c9eadb918",
    "collectedBy": "68c0295cb96f5d9c9eadb918",
    "collectedByType": "Operator",
    "type": "Collection",
    "amount": 443.5,
    "balanceBefore": 2039.1200000000001,
    "balanceAfter": 1595.6200000000001,
    "invoiceId": "2025093862",
    "receiptNumber": "000110",
    "method": "Online",
    "note": "Collection entry"
  },
  {
    "customerId": "68c0386a6b2af4cf8d04845a",
    "operatorId": "68c0295cb96f5d9c9eadb918",
    "collectedBy": "68c0295cb96f5d9c9eadb918",
    "collectedByType": "Operator",
    "type": "Collection",
    "amount": 258.6,
    "balanceBefore": 1595.6200000000001,
    "balanceAfter": 1337.02,
    "invoiceId": "2025093256",
    "receiptNumber": "000111",
    "method": "Cheque",
    "note": "Collection entry"
  },
  {
    "customerId": "68c0386a6b2af4cf8d04845a",
    "operatorId": "68c0295cb96f5d9c9eadb918",
    "collectedBy": "68c0295cb96f5d9c9eadb918",
    "collectedByType": "Operator",
    "type": "Adjustment",
    "amount": 28.4,
    "balanceBefore": 1337.02,
    "balanceAfter": 1365.42,
    "invoiceId": "2025094048",
    "receiptNumber": "000112",
    "method": "Adjustment",
    "note": "Adjustment entry"
  },
  {
    "customerId": "68c0386a6b2af4cf8d04845b",
    "operatorId": "68c0295cb96f5d9c9eadb918",
    "collectedBy": "68c0295cb96f5d9c9eadb918",
    "collectedByType": "Operator",
    "type": "Billing",
    "amount": 569.38,
    "balanceBefore": 0,
    "balanceAfter": 569.38,
    "invoiceId": "2025094534",
    "receiptNumber": "000113",
    "method": "Cash",
    "note": "Billing entry"
  },
  {
    "customerId": "68c0386a6b2af4cf8d04845b",
    "operatorId": "68c0295cb96f5d9c9eadb918",
    "collectedBy": "68c0295cb96f5d9c9eadb918",
    "collectedByType": "Operator",
    "type": "Billing",
    "amount": 785.39,
    "balanceBefore": 569.38,
    "balanceAfter": 1354.77,
    "invoiceId": "2025096704",
    "receiptNumber": "000114",
    "method": "Cash",
    "note": "Billing entry"
  },
  {
    "customerId": "68c0386a6b2af4cf8d04845b",
    "operatorId": "68c0295cb96f5d9c9eadb918",
    "collectedBy": "68c0295cb96f5d9c9eadb918",
    "collectedByType": "Operator",
    "type": "Billing",
    "amount": 304.69,
    "balanceBefore": 1354.77,
    "balanceAfter": 1659.46,
    "invoiceId": "2025094459",
    "receiptNumber": "000115",
    "method": "Cash",
    "note": "Billing entry"
  },
  {
    "customerId": "68c0386a6b2af4cf8d04845b",
    "operatorId": "68c0295cb96f5d9c9eadb918",
    "collectedBy": "68c0295cb96f5d9c9eadb918",
    "collectedByType": "Operator",
    "type": "Billing",
    "amount": 541.43,
    "balanceBefore": 1659.46,
    "balanceAfter": 2200.89,
    "invoiceId": "2025098969",
    "receiptNumber": "000116",
    "method": "Cash",
    "note": "Billing entry"
  },
  {
    "customerId": "68c0386a6b2af4cf8d04845b",
    "operatorId": "68c0295cb96f5d9c9eadb918",
    "collectedBy": "68c0295cb96f5d9c9eadb918",
    "collectedByType": "Operator",
    "type": "Collection",
    "amount": 190.0,
    "balanceBefore": 2200.89,
    "balanceAfter": 2010.8899999999999,
    "invoiceId": "2025098172",
    "receiptNumber": "000117",
    "method": "Cash",
    "note": "Collection entry"
  },
  {
    "customerId": "68c0386a6b2af4cf8d04845b",
    "operatorId": "68c0295cb96f5d9c9eadb918",
    "collectedBy": "68c0295cb96f5d9c9eadb918",
    "collectedByType": "Operator",
    "type": "Collection",
    "amount": 431.69,
    "balanceBefore": 2010.8899999999999,
    "balanceAfter": 1579.1999999999998,
    "invoiceId": "2025095265",
    "receiptNumber": "000118",
    "method": "Online",
    "note": "Collection entry"
  },
  {
    "customerId": "68c0386a6b2af4cf8d04845b",
    "operatorId": "68c0295cb96f5d9c9eadb918",
    "collectedBy": "68c0295cb96f5d9c9eadb918",
    "collectedByType": "Operator",
    "type": "Collection",
    "amount": 454.67,
    "balanceBefore": 1579.1999999999998,
    "balanceAfter": 1124.5299999999997,
    "invoiceId": "2025098355",
    "receiptNumber": "000119",
    "method": "Cash",
    "note": "Collection entry"
  },
  {
    "customerId": "68c0386a6b2af4cf8d04845b",
    "operatorId": "68c0295cb96f5d9c9eadb918",
    "collectedBy": "68c0295cb96f5d9c9eadb918",
    "collectedByType": "Operator",
    "type": "Adjustment",
    "amount": -18.26,
    "balanceBefore": 1124.5299999999997,
    "balanceAfter": 1106.2699999999998,
    "invoiceId": "2025099377",
    "receiptNumber": "000120",
    "method": "Adjustment",
    "note": "Adjustment entry"
  },
  {
    "customerId": "68c0386a6b2af4cf8d04845c",
    "operatorId": "68c0295cb96f5d9c9eadb918",
    "collectedBy": "68c0295cb96f5d9c9eadb918",
    "collectedByType": "Operator",
    "type": "Billing",
    "amount": 654.21,
    "balanceBefore": 0,
    "balanceAfter": 654.21,
    "invoiceId": "2025097324",
    "receiptNumber": "000121",
    "method": "Cash",
    "note": "Billing entry"
  },
  {
    "customerId": "68c0386a6b2af4cf8d04845c",
    "operatorId": "68c0295cb96f5d9c9eadb918",
    "collectedBy": "68c0295cb96f5d9c9eadb918",
    "collectedByType": "Operator",
    "type": "Billing",
    "amount": 754.31,
    "balanceBefore": 654.21,
    "balanceAfter": 1408.52,
    "invoiceId": "2025093289",
    "receiptNumber": "000122",
    "method": "Cash",
    "note": "Billing entry"
  },
  {
    "customerId": "68c0386a6b2af4cf8d04845c",
    "operatorId": "68c0295cb96f5d9c9eadb918",
    "collectedBy": "68c0295cb96f5d9c9eadb918",
    "collectedByType": "Operator",
    "type": "Billing",
    "amount": 441.55,
    "balanceBefore": 1408.52,
    "balanceAfter": 1850.07,
    "invoiceId": "2025096165",
    "receiptNumber": "000123",
    "method": "Adjustment",
    "note": "Billing entry"
  },
  {
    "customerId": "68c0386a6b2af4cf8d04845c",
    "operatorId": "68c0295cb96f5d9c9eadb918",
    "collectedBy": "68c0295cb96f5d9c9eadb918",
    "collectedByType": "Operator",
    "type": "Billing",
    "amount": 799.14,
    "balanceBefore": 1850.07,
    "balanceAfter": 2649.21,
    "invoiceId": "2025092749",
    "receiptNumber": "000124",
    "method": "Cash",
    "note": "Billing entry"
  },
  {
    "customerId": "68c0386a6b2af4cf8d04845c",
    "operatorId": "68c0295cb96f5d9c9eadb918",
    "collectedBy": "68c0295cb96f5d9c9eadb918",
    "collectedByType": "Operator",
    "type": "Collection",
    "amount": 372.67,
    "balanceBefore": 2649.21,
    "balanceAfter": 2276.54,
    "invoiceId": "2025099615",
    "receiptNumber": "000125",
    "method": "Cash",
    "note": "Collection entry"
  },
  {
    "customerId": "68c0386a6b2af4cf8d04845c",
    "operatorId": "68c0295cb96f5d9c9eadb918",
    "collectedBy": "68c0295cb96f5d9c9eadb918",
    "collectedByType": "Operator",
    "type": "Collection",
    "amount": 387.07,
    "balanceBefore": 2276.54,
    "balanceAfter": 1889.47,
    "invoiceId": "2025094006",
    "receiptNumber": "000126",
    "method": "Online",
    "note": "Collection entry"
  },
  {
    "customerId": "68c0386a6b2af4cf8d04845c",
    "operatorId": "68c0295cb96f5d9c9eadb918",
    "collectedBy": "68c0295cb96f5d9c9eadb918",
    "collectedByType": "Operator",
    "type": "Collection",
    "amount": 374.81,
    "balanceBefore": 1889.47,
    "balanceAfter": 1514.66,
    "invoiceId": "2025099603",
    "receiptNumber": "000127",
    "method": "Online",
    "note": "Collection entry"
  },
  {
    "customerId": "68c0386a6b2af4cf8d04845c",
    "operatorId": "68c0295cb96f5d9c9eadb918",
    "collectedBy": "68c0295cb96f5d9c9eadb918",
    "collectedByType": "Operator",
    "type": "Adjustment",
    "amount": -18.18,
    "balanceBefore": 1514.66,
    "balanceAfter": 1496.48,
    "invoiceId": "2025098709",
    "receiptNumber": "000128",
    "method": "Adjustment",
    "note": "Adjustment entry"
  },
  {
    "customerId": "68c0386a6b2af4cf8d04845d",
    "operatorId": "68c0295cb96f5d9c9eadb918",
    "collectedBy": "68c0295cb96f5d9c9eadb918",
    "collectedByType": "Operator",
    "type": "Billing",
    "amount": 951.05,
    "balanceBefore": 0,
    "balanceAfter": 951.05,
    "invoiceId": "2025092896",
    "receiptNumber": "000129",
    "method": "Cash",
    "note": "Billing entry"
  },
  {
    "customerId": "68c0386a6b2af4cf8d04845d",
    "operatorId": "68c0295cb96f5d9c9eadb918",
    "collectedBy": "68c0295cb96f5d9c9eadb918",
    "collectedByType": "Operator",
    "type": "Billing",
    "amount": 398.94,
    "balanceBefore": 951.05,
    "balanceAfter": 1349.99,
    "invoiceId": "2025092802",
    "receiptNumber": "000130",
    "method": "Cash",
    "note": "Billing entry"
  },
  {
    "customerId": "68c0386a6b2af4cf8d04845d",
    "operatorId": "68c0295cb96f5d9c9eadb918",
    "collectedBy": "68c0295cb96f5d9c9eadb918",
    "collectedByType": "Operator",
    "type": "Billing",
    "amount": 848.67,
    "balanceBefore": 1349.99,
    "balanceAfter": 2198.66,
    "invoiceId": "2025091211",
    "receiptNumber": "000131",
    "method": "Cash",
    "note": "Billing entry"
  },
  {
    "customerId": "68c0386a6b2af4cf8d04845d",
    "operatorId": "68c0295cb96f5d9c9eadb918",
    "collectedBy": "68c0295cb96f5d9c9eadb918",
    "collectedByType": "Operator",
    "type": "Billing",
    "amount": 666.85,
    "balanceBefore": 2198.66,
    "balanceAfter": 2865.5099999999998,
    "invoiceId": "2025093159",
    "receiptNumber": "000132",
    "method": "Cash",
    "note": "Billing entry"
  },
  {
    "customerId": "68c0386a6b2af4cf8d04845d",
    "operatorId": "68c0295cb96f5d9c9eadb918",
    "collectedBy": "68c0295cb96f5d9c9eadb918",
    "collectedByType": "Operator",
    "type": "Collection",
    "amount": 455.63,
    "balanceBefore": 2865.5099999999998,
    "balanceAfter": 2409.8799999999997,
    "invoiceId": "2025094773",
    "receiptNumber": "000133",
    "method": "Cheque",
    "note": "Collection entry"
  },
  {
    "customerId": "68c0386a6b2af4cf8d04845d",
    "operatorId": "68c0295cb96f5d9c9eadb918",
    "collectedBy": "68c0295cb96f5d9c9eadb918",
    "collectedByType": "Operator",
    "type": "Collection",
    "amount": 326.88,
    "balanceBefore": 2409.8799999999997,
    "balanceAfter": 2082.9999999999995,
    "invoiceId": "2025098367",
    "receiptNumber": "000134",
    "method": "Cash",
    "note": "Collection entry"
  },
  {
    "customerId": "68c0386a6b2af4cf8d04845d",
    "operatorId": "68c0295cb96f5d9c9eadb918",
    "collectedBy": "68c0295cb96f5d9c9eadb918",
    "collectedByType": "Operator",
    "type": "Collection",
    "amount": 153.11,
    "balanceBefore": 2082.9999999999995,
    "balanceAfter": 1929.8899999999994,
    "invoiceId": "2025095300",
    "receiptNumber": "000135",
    "method": "Online",
    "note": "Collection entry"
  },
  {
    "customerId": "68c0386a6b2af4cf8d04845d",
    "operatorId": "68c0295cb96f5d9c9eadb918",
    "collectedBy": "68c0295cb96f5d9c9eadb918",
    "collectedByType": "Operator",
    "type": "Adjustment",
    "amount": -66.69,
    "balanceBefore": 1929.8899999999994,
    "balanceAfter": 1863.1999999999994,
    "invoiceId": "2025096667",
    "receiptNumber": "000136",
    "method": "Adjustment",
    "note": "Adjustment entry"
  },
  {
    "customerId": "68c0386a6b2af4cf8d04845e",
    "operatorId": "68c0295cb96f5d9c9eadb918",
    "collectedBy": "68c0295cb96f5d9c9eadb918",
    "collectedByType": "Operator",
    "type": "Billing",
    "amount": 821.73,
    "balanceBefore": 0,
    "balanceAfter": 821.73,
    "invoiceId": "2025098026",
    "receiptNumber": "000137",
    "method": "Cash",
    "note": "Billing entry"
  },
  {
    "customerId": "68c0386a6b2af4cf8d04845e",
    "operatorId": "68c0295cb96f5d9c9eadb918",
    "collectedBy": "68c0295cb96f5d9c9eadb918",
    "collectedByType": "Operator",
    "type": "Billing",
    "amount": 748.33,
    "balanceBefore": 821.73,
    "balanceAfter": 1570.06,
    "invoiceId": "2025096424",
    "receiptNumber": "000138",
    "method": "Cash",
    "note": "Billing entry"
  },
  {
    "customerId": "68c0386a6b2af4cf8d04845e",
    "operatorId": "68c0295cb96f5d9c9eadb918",
    "collectedBy": "68c0295cb96f5d9c9eadb918",
    "collectedByType": "Operator",
    "type": "Billing",
    "amount": 124.27,
    "balanceBefore": 1570.06,
    "balanceAfter": 1694.33,
    "invoiceId": "2025091998",
    "receiptNumber": "000139",
    "method": "Cash",
    "note": "Billing entry"
  },
  {
    "customerId": "68c0386a6b2af4cf8d04845e",
    "operatorId": "68c0295cb96f5d9c9eadb918",
    "collectedBy": "68c0295cb96f5d9c9eadb918",
    "collectedByType": "Operator",
    "type": "Billing",
    "amount": 824.72,
    "balanceBefore": 1694.33,
    "balanceAfter": 2519.05,
    "invoiceId": "2025094231",
    "receiptNumber": "000140",
    "method": "Cash",
    "note": "Billing entry"
  },
  {
    "customerId": "68c0386a6b2af4cf8d04845e",
    "operatorId": "68c0295cb96f5d9c9eadb918",
    "collectedBy": "68c0295cb96f5d9c9eadb918",
    "collectedByType": "Operator",
    "type": "Collection",
    "amount": 79.38,
    "balanceBefore": 2519.05,
    "balanceAfter": 2439.67,
    "invoiceId": "2025096859",
    "receiptNumber": "000141",
    "method": "Cheque",
    "note": "Collection entry"
  },
  {
    "customerId": "68c0386a6b2af4cf8d04845e",
    "operatorId": "68c0295cb96f5d9c9eadb918",
    "collectedBy": "68c0295cb96f5d9c9eadb918",
    "collectedByType": "Operator",
    "type": "Collection",
    "amount": 487.56,
    "balanceBefore": 2439.67,
    "balanceAfter": 1952.1100000000001,
    "invoiceId": "2025092306",
    "receiptNumber": "000142",
    "method": "Online",
    "note": "Collection entry"
  },
  {
    "customerId": "68c0386a6b2af4cf8d04845e",
    "operatorId": "68c0295cb96f5d9c9eadb918",
    "collectedBy": "68c0295cb96f5d9c9eadb918",
    "collectedByType": "Operator",
    "type": "Collection",
    "amount": 184.92,
    "balanceBefore": 1952.1100000000001,
    "balanceAfter": 1767.19,
    "invoiceId": "2025091417",
    "receiptNumber": "000143",
    "method": "Online",
    "note": "Collection entry"
  },
  {
    "customerId": "68c0386a6b2af4cf8d04845e",
    "operatorId": "68c0295cb96f5d9c9eadb918",
    "collectedBy": "68c0295cb96f5d9c9eadb918",
    "collectedByType": "Operator",
    "type": "Adjustment",
    "amount": -81.86,
    "balanceBefore": 1767.19,
    "balanceAfter": 1685.3300000000002,
    "invoiceId": "2025091493",
    "receiptNumber": "000144",
    "method": "Adjustment",
    "note": "Adjustment entry"
  },
  {
    "customerId": "68c0386a6b2af4cf8d04845f",
    "operatorId": "68c0295cb96f5d9c9eadb918",
    "collectedBy": "68c0295cb96f5d9c9eadb918",
    "collectedByType": "Operator",
    "type": "Billing",
    "amount": 669.31,
    "balanceBefore": 0,
    "balanceAfter": 669.31,
    "invoiceId": "2025092683",
    "receiptNumber": "000145",
    "method": "Cash",
    "note": "Billing entry"
  },
  {
    "customerId": "68c0386a6b2af4cf8d04845f",
    "operatorId": "68c0295cb96f5d9c9eadb918",
    "collectedBy": "68c0295cb96f5d9c9eadb918",
    "collectedByType": "Operator",
    "type": "Billing",
    "amount": 714.3,
    "balanceBefore": 669.31,
    "balanceAfter": 1383.61,
    "invoiceId": "2025096309",
    "receiptNumber": "000146",
    "method": "Cash",
    "note": "Billing entry"
  },
  {
    "customerId": "68c0386a6b2af4cf8d04845f",
    "operatorId": "68c0295cb96f5d9c9eadb918",
    "collectedBy": "68c0295cb96f5d9c9eadb918",
    "collectedByType": "Operator",
    "type": "Billing",
    "amount": 792.32,
    "balanceBefore": 1383.61,
    "balanceAfter": 2175.93,
    "invoiceId": "2025095232",
    "receiptNumber": "000147",
    "method": "Cash",
    "note": "Billing entry"
  },
  {
    "customerId": "68c0386a6b2af4cf8d04845f",
    "operatorId": "68c0295cb96f5d9c9eadb918",
    "collectedBy": "68c0295cb96f5d9c9eadb918",
    "collectedByType": "Operator",
    "type": "Billing",
    "amount": 890.55,
    "balanceBefore": 2175.93,
    "balanceAfter": 3066.4799999999996,
    "invoiceId": "2025092989",
    "receiptNumber": "000148",
    "method": "Cash",
    "note": "Billing entry"
  },
  {
    "customerId": "68c0386a6b2af4cf8d04845f",
    "operatorId": "68c0295cb96f5d9c9eadb918",
    "collectedBy": "68c0295cb96f5d9c9eadb918",
    "collectedByType": "Operator",
    "type": "Collection",
    "amount": 103.53,
    "balanceBefore": 3066.4799999999996,
    "balanceAfter": 2962.9499999999994,
    "invoiceId": "2025092099",
    "receiptNumber": "000149",
    "method": "Cheque",
    "note": "Collection entry"
  },
  {
    "customerId": "68c0386a6b2af4cf8d04845f",
    "operatorId": "68c0295cb96f5d9c9eadb918",
    "collectedBy": "68c0295cb96f5d9c9eadb918",
    "collectedByType": "Operator",
    "type": "Collection",
    "amount": 55.47,
    "balanceBefore": 2962.9499999999994,
    "balanceAfter": 2907.4799999999996,
    "invoiceId": "2025094854",
    "receiptNumber": "000150",
    "method": "Cash",
    "note": "Collection entry"
  },
  {
    "customerId": "68c0386a6b2af4cf8d04845f",
    "operatorId": "68c0295cb96f5d9c9eadb918",
    "collectedBy": "68c0295cb96f5d9c9eadb918",
    "collectedByType": "Operator",
    "type": "Collection",
    "amount": 158.15,
    "balanceBefore": 2907.4799999999996,
    "balanceAfter": 2749.3299999999995,
    "invoiceId": "2025095377",
    "receiptNumber": "000151",
    "method": "Online",
    "note": "Collection entry"
  },
  {
    "customerId": "68c0386a6b2af4cf8d04845f",
    "operatorId": "68c0295cb96f5d9c9eadb918",
    "collectedBy": "68c0295cb96f5d9c9eadb918",
    "collectedByType": "Operator",
    "type": "Adjustment",
    "amount": -97.36,
    "balanceBefore": 2749.3299999999995,
    "balanceAfter": 2651.9699999999993,
    "invoiceId": "2025091093",
    "receiptNumber": "000152",
    "method": "Adjustment",
    "note": "Adjustment entry"
  },
  {
    "customerId": "68c0386a6b2af4cf8d048460",
    "operatorId": "68c0295cb96f5d9c9eadb918",
    "collectedBy": "68c0295cb96f5d9c9eadb918",
    "collectedByType": "Operator",
    "type": "Billing",
    "amount": 845.5,
    "balanceBefore": 0,
    "balanceAfter": 845.5,
    "invoiceId": "2025094170",
    "receiptNumber": "000153",
    "method": "Cash",
    "note": "Billing entry"
  },
  {
    "customerId": "68c0386a6b2af4cf8d048460",
    "operatorId": "68c0295cb96f5d9c9eadb918",
    "collectedBy": "68c0295cb96f5d9c9eadb918",
    "collectedByType": "Operator",
    "type": "Billing",
    "amount": 773.33,
    "balanceBefore": 845.5,
    "balanceAfter": 1618.83,
    "invoiceId": "2025097202",
    "receiptNumber": "000154",
    "method": "Adjustment",
    "note": "Billing entry"
  },
  {
    "customerId": "68c0386a6b2af4cf8d048460",
    "operatorId": "68c0295cb96f5d9c9eadb918",
    "collectedBy": "68c0295cb96f5d9c9eadb918",
    "collectedByType": "Operator",
    "type": "Billing",
    "amount": 656.34,
    "balanceBefore": 1618.83,
    "balanceAfter": 2275.17,
    "invoiceId": "2025093693",
    "receiptNumber": "000155",
    "method": "Cash",
    "note": "Billing entry"
  },
  {
    "customerId": "68c0386a6b2af4cf8d048460",
    "operatorId": "68c0295cb96f5d9c9eadb918",
    "collectedBy": "68c0295cb96f5d9c9eadb918",
    "collectedByType": "Operator",
    "type": "Billing",
    "amount": 692.55,
    "balanceBefore": 2275.17,
    "balanceAfter": 2967.7200000000003,
    "invoiceId": "2025093915",
    "receiptNumber": "000156",
    "method": "Cash",
    "note": "Billing entry"
  },
  {
    "customerId": "68c0386a6b2af4cf8d048460",
    "operatorId": "68c0295cb96f5d9c9eadb918",
    "collectedBy": "68c0295cb96f5d9c9eadb918",
    "collectedByType": "Operator",
    "type": "Collection",
    "amount": 187.2,
    "balanceBefore": 2967.7200000000003,
    "balanceAfter": 2780.5200000000004,
    "invoiceId": "2025093823",
    "receiptNumber": "000157",
    "method": "Cheque",
    "note": "Collection entry"
  },
  {
    "customerId": "68c0386a6b2af4cf8d048460",
    "operatorId": "68c0295cb96f5d9c9eadb918",
    "collectedBy": "68c0295cb96f5d9c9eadb918",
    "collectedByType": "Operator",
    "type": "Collection",
    "amount": 335.3,
    "balanceBefore": 2780.5200000000004,
    "balanceAfter": 2445.2200000000003,
    "invoiceId": "2025091848",
    "receiptNumber": "000158",
    "method": "Cash",
    "note": "Collection entry"
  },
  {
    "customerId": "68c0386a6b2af4cf8d048460",
    "operatorId": "68c0295cb96f5d9c9eadb918",
    "collectedBy": "68c0295cb96f5d9c9eadb918",
    "collectedByType": "Operator",
    "type": "Collection",
    "amount": 283.45,
    "balanceBefore": 2445.2200000000003,
    "balanceAfter": 2161.7700000000004,
    "invoiceId": "2025098594",
    "receiptNumber": "000159",
    "method": "Online",
    "note": "Collection entry"
  },
  {
    "customerId": "68c0386a6b2af4cf8d048460",
    "operatorId": "68c0295cb96f5d9c9eadb918",
    "collectedBy": "68c0295cb96f5d9c9eadb918",
    "collectedByType": "Operator",
    "type": "Adjustment",
    "amount": -43.35,
    "balanceBefore": 2161.7700000000004,
    "balanceAfter": 2118.4200000000005,
    "invoiceId": "2025091968",
    "receiptNumber": "000160",
    "method": "Adjustment",
    "note": "Adjustment entry"
  },
  {
    "customerId": "68c0386a6b2af4cf8d048461",
    "operatorId": "68c0295cb96f5d9c9eadb918",
    "collectedBy": "68c0295cb96f5d9c9eadb918",
    "collectedByType": "Operator",
    "type": "Billing",
    "amount": 944.26,
    "balanceBefore": 0,
    "balanceAfter": 944.26,
    "invoiceId": "2025098460",
    "receiptNumber": "000161",
    "method": "Cash",
    "note": "Billing entry"
  },
  {
    "customerId": "68c0386a6b2af4cf8d048461",
    "operatorId": "68c0295cb96f5d9c9eadb918",
    "collectedBy": "68c0295cb96f5d9c9eadb918",
    "collectedByType": "Operator",
    "type": "Billing",
    "amount": 425.24,
    "balanceBefore": 944.26,
    "balanceAfter": 1369.5,
    "invoiceId": "2025092066",
    "receiptNumber": "000162",
    "method": "Cash",
    "note": "Billing entry"
  },
  {
    "customerId": "68c0386a6b2af4cf8d048461",
    "operatorId": "68c0295cb96f5d9c9eadb918",
    "collectedBy": "68c0295cb96f5d9c9eadb918",
    "collectedByType": "Operator",
    "type": "Billing",
    "amount": 941.88,
    "balanceBefore": 1369.5,
    "balanceAfter": 2311.38,
    "invoiceId": "2025091007",
    "receiptNumber": "000163",
    "method": "Cash",
    "note": "Billing entry"
  },
  {
    "customerId": "68c0386a6b2af4cf8d048461",
    "operatorId": "68c0295cb96f5d9c9eadb918",
    "collectedBy": "68c0295cb96f5d9c9eadb918",
    "collectedByType": "Operator",
    "type": "Billing",
    "amount": 406.78,
    "balanceBefore": 2311.38,
    "balanceAfter": 2718.16,
    "invoiceId": "2025093958",
    "receiptNumber": "000164",
    "method": "Cash",
    "note": "Billing entry"
  },
  {
    "customerId": "68c0386a6b2af4cf8d048461",
    "operatorId": "68c0295cb96f5d9c9eadb918",
    "collectedBy": "68c0295cb96f5d9c9eadb918",
    "collectedByType": "Operator",
    "type": "Collection",
    "amount": 154.03,
    "balanceBefore": 2718.16,
    "balanceAfter": 2564.1299999999997,
    "invoiceId": "2025098374",
    "receiptNumber": "000165",
    "method": "Online",
    "note": "Collection entry"
  },
  {
    "customerId": "68c0386a6b2af4cf8d048461",
    "operatorId": "68c0295cb96f5d9c9eadb918",
    "collectedBy": "68c0295cb96f5d9c9eadb918",
    "collectedByType": "Operator",
    "type": "Collection",
    "amount": 157.04,
    "balanceBefore": 2564.1299999999997,
    "balanceAfter": 2407.0899999999997,
    "invoiceId": "2025096721",
    "receiptNumber": "000166",
    "method": "Cash",
    "note": "Collection entry"
  },
  {
    "customerId": "68c0386a6b2af4cf8d048461",
    "operatorId": "68c0295cb96f5d9c9eadb918",
    "collectedBy": "68c0295cb96f5d9c9eadb918",
    "collectedByType": "Operator",
    "type": "Collection",
    "amount": 464.59,
    "balanceBefore": 2407.0899999999997,
    "balanceAfter": 1942.4999999999998,
    "invoiceId": "2025094744",
    "receiptNumber": "000167",
    "method": "Cash",
    "note": "Collection entry"
  },
  {
    "customerId": "68c0386a6b2af4cf8d048461",
    "operatorId": "68c0295cb96f5d9c9eadb918",
    "collectedBy": "68c0295cb96f5d9c9eadb918",
    "collectedByType": "Operator",
    "type": "Adjustment",
    "amount": -43.61,
    "balanceBefore": 1942.4999999999998,
    "balanceAfter": 1898.8899999999999,
    "invoiceId": "2025098263",
    "receiptNumber": "000168",
    "method": "Adjustment",
    "note": "Adjustment entry"
  },
  {
    "customerId": "68c0386a6b2af4cf8d048462",
    "operatorId": "68c0295cb96f5d9c9eadb918",
    "collectedBy": "68c0295cb96f5d9c9eadb918",
    "collectedByType": "Operator",
    "type": "Billing",
    "amount": 747.64,
    "balanceBefore": 0,
    "balanceAfter": 747.64,
    "invoiceId": "2025096143",
    "receiptNumber": "000169",
    "method": "Cash",
    "note": "Billing entry"
  },
  {
    "customerId": "68c0386a6b2af4cf8d048462",
    "operatorId": "68c0295cb96f5d9c9eadb918",
    "collectedBy": "68c0295cb96f5d9c9eadb918",
    "collectedByType": "Operator",
    "type": "Billing",
    "amount": 904.93,
    "balanceBefore": 747.64,
    "balanceAfter": 1652.57,
    "invoiceId": "2025098065",
    "receiptNumber": "000170",
    "method": "Cash",
    "note": "Billing entry"
  },
  {
    "customerId": "68c0386a6b2af4cf8d048462",
    "operatorId": "68c0295cb96f5d9c9eadb918",
    "collectedBy": "68c0295cb96f5d9c9eadb918",
    "collectedByType": "Operator",
    "type": "Billing",
    "amount": 779.73,
    "balanceBefore": 1652.57,
    "balanceAfter": 2432.3,
    "invoiceId": "2025099441",
    "receiptNumber": "000171",
    "method": "Cash",
    "note": "Billing entry"
  },
  {
    "customerId": "68c0386a6b2af4cf8d048462",
    "operatorId": "68c0295cb96f5d9c9eadb918",
    "collectedBy": "68c0295cb96f5d9c9eadb918",
    "collectedByType": "Operator",
    "type": "Billing",
    "amount": 347.26,
    "balanceBefore": 2432.3,
    "balanceAfter": 2779.5600000000004,
    "invoiceId": "2025094735",
    "receiptNumber": "000172",
    "method": "Cash",
    "note": "Billing entry"
  },
  {
    "customerId": "68c0386a6b2af4cf8d048462",
    "operatorId": "68c0295cb96f5d9c9eadb918",
    "collectedBy": "68c0295cb96f5d9c9eadb918",
    "collectedByType": "Operator",
    "type": "Collection",
    "amount": 229.92,
    "balanceBefore": 2779.5600000000004,
    "balanceAfter": 2549.6400000000003,
    "invoiceId": "2025095131",
    "receiptNumber": "000173",
    "method": "Cash",
    "note": "Collection entry"
  },
  {
    "customerId": "68c0386a6b2af4cf8d048462",
    "operatorId": "68c0295cb96f5d9c9eadb918",
    "collectedBy": "68c0295cb96f5d9c9eadb918",
    "collectedByType": "Operator",
    "type": "Collection",
    "amount": 213.52,
    "balanceBefore": 2549.6400000000003,
    "balanceAfter": 2336.1200000000003,
    "invoiceId": "2025093391",
    "receiptNumber": "000174",
    "method": "Cash",
    "note": "Collection entry"
  },
  {
    "customerId": "68c0386a6b2af4cf8d048462",
    "operatorId": "68c0295cb96f5d9c9eadb918",
    "collectedBy": "68c0295cb96f5d9c9eadb918",
    "collectedByType": "Operator",
    "type": "Collection",
    "amount": 450.19,
    "balanceBefore": 2336.1200000000003,
    "balanceAfter": 1885.9300000000003,
    "invoiceId": "2025092328",
    "receiptNumber": "000175",
    "method": "Cheque",
    "note": "Collection entry"
  },
  {
    "customerId": "68c0386a6b2af4cf8d048462",
    "operatorId": "68c0295cb96f5d9c9eadb918",
    "collectedBy": "68c0295cb96f5d9c9eadb918",
    "collectedByType": "Operator",
    "type": "Adjustment",
    "amount": 98.65,
    "balanceBefore": 1885.9300000000003,
    "balanceAfter": 1984.5800000000004,
    "invoiceId": "2025093422",
    "receiptNumber": "000176",
    "method": "Adjustment",
    "note": "Adjustment entry"
  },
  {
    "customerId": "68c0386a6b2af4cf8d048463",
    "operatorId": "68c0295cb96f5d9c9eadb918",
    "collectedBy": "68c0295cb96f5d9c9eadb918",
    "collectedByType": "Operator",
    "type": "Billing",
    "amount": 910.32,
    "balanceBefore": 0,
    "balanceAfter": 910.32,
    "invoiceId": "2025098465",
    "receiptNumber": "000177",
    "method": "Cash",
    "note": "Billing entry"
  },
  {
    "customerId": "68c0386a6b2af4cf8d048463",
    "operatorId": "68c0295cb96f5d9c9eadb918",
    "collectedBy": "68c0295cb96f5d9c9eadb918",
    "collectedByType": "Operator",
    "type": "Billing",
    "amount": 667.38,
    "balanceBefore": 910.32,
    "balanceAfter": 1577.7,
    "invoiceId": "2025097260",
    "receiptNumber": "000178",
    "method": "Adjustment",
    "note": "Billing entry"
  },
  {
    "customerId": "68c0386a6b2af4cf8d048463",
    "operatorId": "68c0295cb96f5d9c9eadb918",
    "collectedBy": "68c0295cb96f5d9c9eadb918",
    "collectedByType": "Operator",
    "type": "Billing",
    "amount": 847.72,
    "balanceBefore": 1577.7,
    "balanceAfter": 2425.42,
    "invoiceId": "2025092009",
    "receiptNumber": "000179",
    "method": "Cash",
    "note": "Billing entry"
  },
  {
    "customerId": "68c0386a6b2af4cf8d048463",
    "operatorId": "68c0295cb96f5d9c9eadb918",
    "collectedBy": "68c0295cb96f5d9c9eadb918",
    "collectedByType": "Operator",
    "type": "Billing",
    "amount": 134.49,
    "balanceBefore": 2425.42,
    "balanceAfter": 2559.91,
    "invoiceId": "2025096393",
    "receiptNumber": "000180",
    "method": "Cash",
    "note": "Billing entry"
  },
  {
    "customerId": "68c0386a6b2af4cf8d048463",
    "operatorId": "68c0295cb96f5d9c9eadb918",
    "collectedBy": "68c0295cb96f5d9c9eadb918",
    "collectedByType": "Operator",
    "type": "Collection",
    "amount": 78.9,
    "balanceBefore": 2559.91,
    "balanceAfter": 2481.0099999999998,
    "invoiceId": "2025097499",
    "receiptNumber": "000181",
    "method": "Cheque",
    "note": "Collection entry"
  },
  {
    "customerId": "68c0386a6b2af4cf8d048463",
    "operatorId": "68c0295cb96f5d9c9eadb918",
    "collectedBy": "68c0295cb96f5d9c9eadb918",
    "collectedByType": "Operator",
    "type": "Collection",
    "amount": 426.99,
    "balanceBefore": 2481.0099999999998,
    "balanceAfter": 2054.0199999999995,
    "invoiceId": "2025092362",
    "receiptNumber": "000182",
    "method": "Cash",
    "note": "Collection entry"
  },
  {
    "customerId": "68c0386a6b2af4cf8d048463",
    "operatorId": "68c0295cb96f5d9c9eadb918",
    "collectedBy": "68c0295cb96f5d9c9eadb918",
    "collectedByType": "Operator",
    "type": "Collection",
    "amount": 137.79,
    "balanceBefore": 2054.0199999999995,
    "balanceAfter": 1916.2299999999996,
    "invoiceId": "2025091170",
    "receiptNumber": "000183",
    "method": "Cheque",
    "note": "Collection entry"
  },
  {
    "customerId": "68c0386a6b2af4cf8d048463",
    "operatorId": "68c0295cb96f5d9c9eadb918",
    "collectedBy": "68c0295cb96f5d9c9eadb918",
    "collectedByType": "Operator",
    "type": "Adjustment",
    "amount": 89.54,
    "balanceBefore": 1916.2299999999996,
    "balanceAfter": 2005.7699999999995,
    "invoiceId": "2025097106",
    "receiptNumber": "000184",
    "method": "Adjustment",
    "note": "Adjustment entry"
  },
  {
    "customerId": "68c0386a6b2af4cf8d048464",
    "operatorId": "68c0295cb96f5d9c9eadb918",
    "collectedBy": "68c0295cb96f5d9c9eadb918",
    "collectedByType": "Operator",
    "type": "Billing",
    "amount": 752.69,
    "balanceBefore": 0,
    "balanceAfter": 752.69,
    "invoiceId": "2025091429",
    "receiptNumber": "000185",
    "method": "Cash",
    "note": "Billing entry"
  },
  {
    "customerId": "68c0386a6b2af4cf8d048464",
    "operatorId": "68c0295cb96f5d9c9eadb918",
    "collectedBy": "68c0295cb96f5d9c9eadb918",
    "collectedByType": "Operator",
    "type": "Billing",
    "amount": 946.63,
    "balanceBefore": 752.69,
    "balanceAfter": 1699.3200000000002,
    "invoiceId": "2025094349",
    "receiptNumber": "000186",
    "method": "Cash",
    "note": "Billing entry"
  },
  {
    "customerId": "68c0386a6b2af4cf8d048464",
    "operatorId": "68c0295cb96f5d9c9eadb918",
    "collectedBy": "68c0295cb96f5d9c9eadb918",
    "collectedByType": "Operator",
    "type": "Billing",
    "amount": 126.36,
    "balanceBefore": 1699.3200000000002,
    "balanceAfter": 1825.68,
    "invoiceId": "2025095964",
    "receiptNumber": "000187",
    "method": "Cash",
    "note": "Billing entry"
  },
  {
    "customerId": "68c0386a6b2af4cf8d048464",
    "operatorId": "68c0295cb96f5d9c9eadb918",
    "collectedBy": "68c0295cb96f5d9c9eadb918",
    "collectedByType": "Operator",
    "type": "Billing",
    "amount": 672.45,
    "balanceBefore": 1825.68,
    "balanceAfter": 2498.13,
    "invoiceId": "2025097039",
    "receiptNumber": "000188",
    "method": "Cash",
    "note": "Billing entry"
  },
  {
    "customerId": "68c0386a6b2af4cf8d048464",
    "operatorId": "68c0295cb96f5d9c9eadb918",
    "collectedBy": "68c0295cb96f5d9c9eadb918",
    "collectedByType": "Operator",
    "type": "Collection",
    "amount": 222.1,
    "balanceBefore": 2498.13,
    "balanceAfter": 2276.03,
    "invoiceId": "2025091282",
    "receiptNumber": "000189",
    "method": "Cheque",
    "note": "Collection entry"
  },
  {
    "customerId": "68c0386a6b2af4cf8d048464",
    "operatorId": "68c0295cb96f5d9c9eadb918",
    "collectedBy": "68c0295cb96f5d9c9eadb918",
    "collectedByType": "Operator",
    "type": "Collection",
    "amount": 407.51,
    "balanceBefore": 2276.03,
    "balanceAfter": 1868.5200000000002,
    "invoiceId": "2025092460",
    "receiptNumber": "000190",
    "method": "Cheque",
    "note": "Collection entry"
  },
  {
    "customerId": "68c0386a6b2af4cf8d048464",
    "operatorId": "68c0295cb96f5d9c9eadb918",
    "collectedBy": "68c0295cb96f5d9c9eadb918",
    "collectedByType": "Operator",
    "type": "Collection",
    "amount": 478.54,
    "balanceBefore": 1868.5200000000002,
    "balanceAfter": 1389.9800000000002,
    "invoiceId": "2025094333",
    "receiptNumber": "000191",
    "method": "Cheque",
    "note": "Collection entry"
  },
  {
    "customerId": "68c0386a6b2af4cf8d048464",
    "operatorId": "68c0295cb96f5d9c9eadb918",
    "collectedBy": "68c0295cb96f5d9c9eadb918",
    "collectedByType": "Operator",
    "type": "Adjustment",
    "amount": 83.75,
    "balanceBefore": 1389.9800000000002,
    "balanceAfter": 1473.7300000000002,
    "invoiceId": "2025095740",
    "receiptNumber": "000192",
    "method": "Adjustment",
    "note": "Adjustment entry"
  },
  {
    "customerId": "68c0386a6b2af4cf8d048465",
    "operatorId": "68c0295cb96f5d9c9eadb918",
    "collectedBy": "68c0295cb96f5d9c9eadb918",
    "collectedByType": "Operator",
    "type": "Billing",
    "amount": 528.67,
    "balanceBefore": 0,
    "balanceAfter": 528.67,
    "invoiceId": "2025096724",
    "receiptNumber": "000193",
    "method": "Cash",
    "note": "Billing entry"
  },
  {
    "customerId": "68c0386a6b2af4cf8d048465",
    "operatorId": "68c0295cb96f5d9c9eadb918",
    "collectedBy": "68c0295cb96f5d9c9eadb918",
    "collectedByType": "Operator",
    "type": "Billing",
    "amount": 698.4,
    "balanceBefore": 528.67,
    "balanceAfter": 1227.07,
    "invoiceId": "2025092184",
    "receiptNumber": "000194",
    "method": "Cash",
    "note": "Billing entry"
  },
  {
    "customerId": "68c0386a6b2af4cf8d048465",
    "operatorId": "68c0295cb96f5d9c9eadb918",
    "collectedBy": "68c0295cb96f5d9c9eadb918",
    "collectedByType": "Operator",
    "type": "Billing",
    "amount": 109.31,
    "balanceBefore": 1227.07,
    "balanceAfter": 1336.3799999999999,
    "invoiceId": "2025099487",
    "receiptNumber": "000195",
    "method": "Cash",
    "note": "Billing entry"
  },
  {
    "customerId": "68c0386a6b2af4cf8d048465",
    "operatorId": "68c0295cb96f5d9c9eadb918",
    "collectedBy": "68c0295cb96f5d9c9eadb918",
    "collectedByType": "Operator",
    "type": "Billing",
    "amount": 654.91,
    "balanceBefore": 1336.3799999999999,
    "balanceAfter": 1991.29,
    "invoiceId": "2025096953",
    "receiptNumber": "000196",
    "method": "Cash",
    "note": "Billing entry"
  },
  {
    "customerId": "68c0386a6b2af4cf8d048465",
    "operatorId": "68c0295cb96f5d9c9eadb918",
    "collectedBy": "68c0295cb96f5d9c9eadb918",
    "collectedByType": "Operator",
    "type": "Collection",
    "amount": 157.04,
    "balanceBefore": 1991.29,
    "balanceAfter": 1834.25,
    "invoiceId": "2025091149",
    "receiptNumber": "000197",
    "method": "Online",
    "note": "Collection entry"
  },
  {
    "customerId": "68c0386a6b2af4cf8d048465",
    "operatorId": "68c0295cb96f5d9c9eadb918",
    "collectedBy": "68c0295cb96f5d9c9eadb918",
    "collectedByType": "Operator",
    "type": "Collection",
    "amount": 291.08,
    "balanceBefore": 1834.25,
    "balanceAfter": 1543.17,
    "invoiceId": "2025091324",
    "receiptNumber": "000198",
    "method": "Online",
    "note": "Collection entry"
  },
  {
    "customerId": "68c0386a6b2af4cf8d048465",
    "operatorId": "68c0295cb96f5d9c9eadb918",
    "collectedBy": "68c0295cb96f5d9c9eadb918",
    "collectedByType": "Operator",
    "type": "Collection",
    "amount": 317.33,
    "balanceBefore": 1543.17,
    "balanceAfter": 1225.8400000000001,
    "invoiceId": "2025099814",
    "receiptNumber": "000199",
    "method": "Cash",
    "note": "Collection entry"
  },
  {
    "customerId": "68c0386a6b2af4cf8d048465",
    "operatorId": "68c0295cb96f5d9c9eadb918",
    "collectedBy": "68c0295cb96f5d9c9eadb918",
    "collectedByType": "Operator",
    "type": "Adjustment",
    "amount": 89.21,
    "balanceBefore": 1225.8400000000001,
    "balanceAfter": 1315.0500000000002,
    "invoiceId": "2025096791",
    "receiptNumber": "000200",
    "method": "Adjustment",
    "note": "Adjustment entry"
  }
]